participant_id,wave,item,choice,choice_ss,purpose,implementation_intention
S2_C40DACAA,pretest,1,SS,1,saving_for_future,2
S2_C40DACAA,pretest,2,SS,1,saving_for_future,2
S2_C40DACAA,pretest,3,SS,1,saving_for_future,2
S2_C40DACAA,pretest,4,SS,1,saving_for_future,2
S2_C40DACAA,pretest,5,SS,1,saving_for_future,2
S2_C40DACAA,pretest,6,SS,1,saving_for_future,2
S2_C40DACAA,pretest,7,SS,1,friends_or_gifts,2
S2_C40DACAA,posttest,1,SS,1,saving_for_future,2
S2_C40DACAA,posttest,2,SS,1,saving_for_future,2
S2_C40DACAA,posttest,3,SS,1,saving_for_future,2
S2_C40DACAA,posttest,4,SS,1,saving_for_future,2
S2_C40DACAA,posttest,5,SS,1,saving_for_future,2
S2_C40DACAA,posttest,6,LL,0,saving_for_future,2
S2_C40DACAA,posttest,7,LL,0,saving_for_future,2
S2_90B75EAE,pretest,1,SS,1,saving_for_future,2
S2_90B75EAE,pretest,2,SS,1,saving_for_future,2
S2_90B75EAE,pretest,3,LL,0,saving_for_future,2
S2_90B75EAE,pretest,4,LL,0,saving_for_future,2
S2_90B75EAE,pretest,5,LL,0,saving_for_future,2
S2_90B75EAE,pretest,6,LL,0,saving_for_future,2
S2_90B75EAE,pretest,7,LL,0,saving_for_future,2
S2_90B75EAE,posttest,1,SS,1,saving_for_future,2
S2_90B75EAE,posttest,2,SS,1,saving_for_future,2
S2_90B75EAE,posttest,3,SS,1,saving_for_future,2
S2_90B75EAE,posttest,4,LL,0,saving_for_future,2
S2_90B75EAE,posttest,5,LL,0,saving_for_future,2
S2_90B75EAE,posttest,6,LL,0,saving_for_future,2
S2_90B75EAE,posttest,7,LL,0,saving_for_future,2
S2_AD0FAAF4,pretest,1,SS,1,family_support,3
S2_AD0FAAF4,pretest,2,SS,1,saving_for_future,2
S2_AD0FAAF4,pretest,3,SS,1,saving_for_future,2
S2_AD0FAAF4,pretest,4,SS,1,saving_for_future,2
S2_AD0FAAF4,pretest,5,SS,1,saving_for_future,2
S2_AD0FAAF4,pretest,6,SS,1,saving_for_future,2
S2_AD0FAAF4,pretest,7,SS,1,saving_for_future,2
S2_AD0FAAF4,posttest,1,SS,1,family_support,3
S2_AD0FAAF4,posttest,2,SS,1,saving_for_future,2
S2_AD0FAAF4,posttest,3,SS,1,family_support,2
S2_AD0FAAF4,posttest,4,SS,1,saving_for_future,3
S2_AD0FAAF4,posttest,5,SS,1,family_support,2
S2_AD0FAAF4,posttest,6,LL,0,learning_or_education,2
S2_AD0FAAF4,posttest,7,SS,1,saving_for_future,2
S2_981C9524,pretest,1,SS,1,immediate_consumption,2
S2_981C9524,pretest,2,SS,1,immediate_consumption,1
S2_981C9524,pretest,3,SS,1,immediate_consumption,2
S2_981C9524,pretest,4,SS,1,saving_for_future,2
S2_981C9524,pretest,5,SS,1,immediate_consumption,2
S2_981C9524,pretest,6,SS,1,immediate_consumption,2
S2_981C9524,pretest,7,SS,1,saving_for_future,1
S2_981C9524,posttest,1,SS,1,immediate_consumption,1
S2_981C9524,posttest,2,SS,1,immediate_consumption,1
S2_981C9524,posttest,3,SS,1,immediate_consumption,1
S2_981C9524,posttest,4,SS,1,immediate_consumption,1
S2_981C9524,posttest,5,SS,1,immediate_consumption,1
S2_981C9524,posttest,6,SS,1,immediate_consumption,1
S2_981C9524,posttest,7,SS,1,immediate_consumption,1
S2_34662E97,pretest,1,LL,0,saving_for_future,2
S2_34662E97,pretest,2,LL,0,saving_for_future,2
S2_34662E97,pretest,3,LL,0,saving_for_future,2
S2_34662E97,pretest,4,LL,0,saving_for_future,2
S2_34662E97,pretest,5,LL,0,saving_for_future,2
S2_34662E97,pretest,6,LL,0,saving_for_future,2
S2_34662E97,pretest,7,LL,0,saving_for_future,2
S2_34662E97,posttest,1,LL,0,saving_for_future,2
S2_34662E97,posttest,2,SS,1,saving_for_future,3
S2_34662E97,posttest,3,LL,0,saving_for_future,3
S2_34662E97,posttest,4,LL,0,saving_for_future,3
S2_34662E97,posttest,5,LL,0,saving_for_future,3
S2_34662E97,posttest,6,LL,0,saving_for_future,2
S2_34662E97,posttest,7,LL,0,saving_for_future,2
S2_13C83A3C,pretest,1,SS,1,saving_for_future,3
S2_13C83A3C,pretest,2,SS,1,saving_for_future,3
S2_13C83A3C,pretest,3,LL,0,saving_for_future,2
S2_13C83A3C,pretest,4,LL,0,saving_for_future,3
S2_13C83A3C,pretest,5,LL,0,saving_for_future,3
S2_13C83A3C,pretest,6,LL,0,saving_for_future,3
S2_13C83A3C,pretest,7,LL,0,saving_for_future,3
S2_13C83A3C,posttest,1,SS,1,saving_for_future,3
S2_13C83A3C,posttest,2,SS,1,saving_for_future,3
S2_13C83A3C,posttest,3,LL,0,saving_for_future,2
S2_13C83A3C,posttest,4,LL,0,saving_for_future,3
S2_13C83A3C,posttest,5,LL,0,saving_for_future,3
S2_13C83A3C,posttest,6,LL,0,saving_for_future,3
S2_13C83A3C,posttest,7,LL,0,saving_for_future,3
S2_4FB6E490,pretest,1,SS,1,saving_for_future,3
S2_4FB6E490,pretest,2,SS,1,saving_for_future,3
S2_4FB6E490,pretest,3,LL,0,saving_for_future,3
S2_4FB6E490,pretest,4,LL,0,saving_for_future,3
S2_4FB6E490,pretest,5,LL,0,saving_for_future,3
S2_4FB6E490,pretest,6,LL,0,saving_for_future,3
S2_4FB6E490,pretest,7,LL,0,family_support,3
S2_4FB6E490,posttest,1,SS,1,family_support,3
S2_4FB6E490,posttest,2,SS,1,family_support,3
S2_4FB6E490,posttest,3,SS,1,family_support,3
S2_4FB6E490,posttest,4,LL,0,saving_for_future,3
S2_4FB6E490,posttest,5,LL,0,saving_for_future,3
S2_4FB6E490,posttest,6,LL,0,learning_or_education,3
S2_4FB6E490,posttest,7,LL,0,family_support,3
S2_7DC80CF0,pretest,1,LL,0,family_support,2
S2_7DC80CF0,pretest,2,SS,1,saving_for_future,2
S2_7DC80CF0,pretest,3,SS,1,family_support,2
S2_7DC80CF0,pretest,4,LL,0,friends_or_gifts,3
S2_7DC80CF0,pretest,5,LL,0,learning_or_education,2
S2_7DC80CF0,pretest,6,LL,0,saving_for_future,3
S2_7DC80CF0,pretest,7,LL,0,friends_or_gifts,2
S2_7DC80CF0,posttest,1,LL,0,family_support,2
S2_7DC80CF0,posttest,2,SS,1,saving_for_future,2
S2_7DC80CF0,posttest,3,SS,1,friends_or_gifts,2
S2_7DC80CF0,posttest,4,LL,0,friends_or_gifts,3
S2_7DC80CF0,posttest,5,LL,0,saving_for_future,2
S2_7DC80CF0,posttest,6,LL,0,friends_or_gifts,2
S2_7DC80CF0,posttest,7,LL,0,friends_or_gifts,2
S2_BBA8527A,pretest,1,LL,0,saving_for_future,3
S2_BBA8527A,pretest,2,LL,0,saving_for_future,2
S2_BBA8527A,pretest,3,LL,0,family_support,3
S2_BBA8527A,pretest,4,LL,0,family_support,3
S2_BBA8527A,pretest,5,LL,0,learning_or_education,3
S2_BBA8527A,pretest,6,LL,0,learning_or_education,3
S2_BBA8527A,pretest,7,LL,0,saving_for_future,2
S2_BBA8527A,posttest,1,LL,0,saving_for_future,3
S2_BBA8527A,posttest,2,LL,0,family_support,3
S2_BBA8527A,posttest,3,LL,0,saving_for_future,3
S2_BBA8527A,posttest,4,LL,0,family_support,3
S2_BBA8527A,posttest,5,LL,0,family_support,3
S2_BBA8527A,posttest,6,LL,0,family_support,3
S2_BBA8527A,posttest,7,LL,0,learning_or_education,3
S2_D0854212,pretest,1,LL,0,immediate_consumption,3
S2_D0854212,pretest,2,SS,1,immediate_consumption,2
S2_D0854212,pretest,3,SS,1,immediate_consumption,2
S2_D0854212,pretest,4,SS,1,immediate_consumption,2
S2_D0854212,pretest,5,LL,0,learning_or_education,2
S2_D0854212,pretest,6,LL,0,learning_or_education,2
S2_D0854212,pretest,7,LL,0,immediate_consumption,2
S2_D0854212,posttest,1,SS,1,friends_or_gifts,2
S2_D0854212,posttest,2,SS,1,saving_for_future,2
S2_D0854212,posttest,3,SS,1,friends_or_gifts,2
S2_D0854212,posttest,4,LL,0,saving_for_future,2
S2_D0854212,posttest,5,LL,0,family_support,2
S2_D0854212,posttest,6,LL,0,saving_for_future,2
S2_D0854212,posttest,7,LL,0,saving_for_future,2
S2_C898E25F,pretest,1,LL,0,friends_or_gifts,2
S2_C898E25F,pretest,2,LL,0,saving_for_future,2
S2_C898E25F,pretest,3,LL,0,saving_for_future,2
S2_C898E25F,pretest,4,LL,0,friends_or_gifts,2
S2_C898E25F,pretest,5,LL,0,family_support,2
S2_C898E25F,pretest,6,LL,0,family_support,3
S2_C898E25F,pretest,7,LL,0,family_support,2
S2_C898E25F,posttest,1,LL,0,family_support,3
S2_C898E25F,posttest,2,LL,0,learning_or_education,3
S2_C898E25F,posttest,3,LL,0,family_support,3
S2_C898E25F,posttest,4,LL,0,family_support,2
S2_C898E25F,posttest,5,LL,0,family_support,2
S2_C898E25F,posttest,6,LL,0,family_support,2
S2_C898E25F,posttest,7,LL,0,saving_for_future,3
S2_8619815F,pretest,1,SS,1,saving_for_future,2
S2_8619815F,pretest,2,SS,1,saving_for_future,2
S2_8619815F,pretest,3,SS,1,saving_for_future,2
S2_8619815F,pretest,4,LL,0,saving_for_future,3
S2_8619815F,pretest,5,LL,0,immediate_consumption,3
S2_8619815F,pretest,6,LL,0,immediate_consumption,3
S2_8619815F,pretest,7,LL,0,immediate_consumption,3
S2_8619815F,posttest,1,SS,1,immediate_consumption,3
S2_8619815F,posttest,2,SS,1,immediate_consumption,2
S2_8619815F,posttest,3,SS,1,saving_for_future,2
S2_8619815F,posttest,4,LL,0,immediate_consumption,3
S2_8619815F,posttest,5,LL,0,immediate_consumption,3
S2_8619815F,posttest,6,LL,0,immediate_consumption,3
S2_8619815F,posttest,7,LL,0,saving_for_future,3
S2_79BFE2DE,pretest,1,SS,1,saving_for_future,2
S2_79BFE2DE,pretest,2,SS,1,saving_for_future,2
S2_79BFE2DE,pretest,3,LL,0,saving_for_future,2
S2_79BFE2DE,pretest,4,LL,0,immediate_consumption,3
S2_79BFE2DE,pretest,5,LL,0,friends_or_gifts,2
S2_79BFE2DE,pretest,6,LL,0,immediate_consumption,2
S2_79BFE2DE,pretest,7,LL,0,saving_for_future,2
S2_79BFE2DE,posttest,1,LL,0,immediate_consumption,2
S2_79BFE2DE,posttest,2,LL,0,saving_for_future,2
S2_79BFE2DE,posttest,3,LL,0,immediate_consumption,3
S2_79BFE2DE,posttest,4,LL,0,learning_or_education,2
S2_79BFE2DE,posttest,5,LL,0,saving_for_future,2
S2_79BFE2DE,posttest,6,LL,0,immediate_consumption,2
S2_79BFE2DE,posttest,7,LL,0,saving_for_future,2
S2_8E2AF0F5,pretest,1,LL,0,family_support,3
S2_8E2AF0F5,pretest,2,LL,0,saving_for_future,3
S2_8E2AF0F5,pretest,3,LL,0,learning_or_education,3
S2_8E2AF0F5,pretest,4,LL,0,saving_for_future,3
S2_8E2AF0F5,pretest,5,LL,0,learning_or_education,3
S2_8E2AF0F5,pretest,6,LL,0,friends_or_gifts,2
S2_8E2AF0F5,pretest,7,LL,0,family_support,3
S2_8E2AF0F5,posttest,1,LL,0,saving_for_future,3
S2_8E2AF0F5,posttest,2,LL,0,learning_or_education,3
S2_8E2AF0F5,posttest,3,LL,0,family_support,3
S2_8E2AF0F5,posttest,4,LL,0,saving_for_future,3
S2_8E2AF0F5,posttest,5,LL,0,friends_or_gifts,3
S2_8E2AF0F5,posttest,6,LL,0,family_support,3
S2_8E2AF0F5,posttest,7,LL,0,saving_for_future,3
S2_67DBB8B2,pretest,1,SS,1,saving_for_future,3
S2_67DBB8B2,pretest,2,SS,1,saving_for_future,3
S2_67DBB8B2,pretest,3,SS,1,saving_for_future,3
S2_67DBB8B2,pretest,4,SS,1,saving_for_future,3
S2_67DBB8B2,pretest,5,LL,0,saving_for_future,3
S2_67DBB8B2,pretest,6,LL,0,saving_for_future,3
S2_67DBB8B2,pretest,7,SS,1,saving_for_future,3
S2_67DBB8B2,posttest,1,SS,1,saving_for_future,3
S2_67DBB8B2,posttest,2,SS,1,saving_for_future,3
S2_67DBB8B2,posttest,3,SS,1,saving_for_future,3
S2_67DBB8B2,posttest,4,SS,1,saving_for_future,3
S2_67DBB8B2,posttest,5,LL,0,saving_for_future,3
S2_67DBB8B2,posttest,6,LL,0,saving_for_future,3
S2_67DBB8B2,posttest,7,LL,0,saving_for_future,3
S2_9FF69B5F,pretest,1,SS,1,friends_or_gifts,2
S2_9FF69B5F,pretest,2,SS,1,friends_or_gifts,2
S2_9FF69B5F,pretest,3,SS,1,immediate_consumption,2
S2_9FF69B5F,pretest,4,SS,1,immediate_consumption,2
S2_9FF69B5F,pretest,5,LL,0,saving_for_future,2
S2_9FF69B5F,pretest,6,LL,0,immediate_consumption,2
S2_9FF69B5F,pretest,7,LL,0,saving_for_future,2
S2_9FF69B5F,posttest,1,SS,1,friends_or_gifts,2
S2_9FF69B5F,posttest,2,SS,1,friends_or_gifts,2
S2_9FF69B5F,posttest,3,SS,1,friends_or_gifts,2
S2_9FF69B5F,posttest,4,SS,1,friends_or_gifts,2
S2_9FF69B5F,posttest,5,LL,0,immediate_consumption,2
S2_9FF69B5F,posttest,6,LL,0,immediate_consumption,2
S2_9FF69B5F,posttest,7,LL,0,immediate_consumption,2
S2_2A825D3A,pretest,1,LL,0,saving_for_future,3
S2_2A825D3A,pretest,2,LL,0,saving_for_future,2
S2_2A825D3A,pretest,3,LL,0,saving_for_future,2
S2_2A825D3A,pretest,4,LL,0,saving_for_future,2
S2_2A825D3A,pretest,5,LL,0,saving_for_future,2
S2_2A825D3A,pretest,6,LL,0,friends_or_gifts,2
S2_2A825D3A,pretest,7,LL,0,saving_for_future,2
S2_2A825D3A,posttest,1,LL,0,saving_for_future,3
S2_2A825D3A,posttest,2,LL,0,saving_for_future,3
S2_2A825D3A,posttest,3,LL,0,saving_for_future,3
S2_2A825D3A,posttest,4,LL,0,saving_for_future,3
S2_2A825D3A,posttest,5,LL,0,saving_for_future,3
S2_2A825D3A,posttest,6,LL,0,saving_for_future,3
S2_2A825D3A,posttest,7,LL,0,saving_for_future,3
S2_ED1238D1,pretest,1,SS,1,saving_for_future,2
S2_ED1238D1,pretest,2,SS,1,saving_for_future,2
S2_ED1238D1,pretest,3,SS,1,saving_for_future,3
S2_ED1238D1,pretest,4,SS,1,saving_for_future,2
S2_ED1238D1,pretest,5,LL,0,saving_for_future,3
S2_ED1238D1,pretest,6,LL,0,saving_for_future,2
S2_ED1238D1,pretest,7,LL,0,saving_for_future,2
S2_ED1238D1,posttest,1,SS,1,saving_for_future,3
S2_ED1238D1,posttest,2,SS,1,saving_for_future,3
S2_ED1238D1,posttest,3,LL,0,saving_for_future,3
S2_ED1238D1,posttest,4,LL,0,saving_for_future,3
S2_ED1238D1,posttest,5,LL,0,saving_for_future,3
S2_ED1238D1,posttest,6,LL,0,saving_for_future,3
S2_ED1238D1,posttest,7,LL,0,saving_for_future,2
S2_78B1980D,pretest,1,LL,0,saving_for_future,3
S2_78B1980D,pretest,2,LL,0,saving_for_future,3
S2_78B1980D,pretest,3,LL,0,saving_for_future,3
S2_78B1980D,pretest,4,LL,0,saving_for_future,3
S2_78B1980D,pretest,5,LL,0,saving_for_future,3
S2_78B1980D,pretest,6,LL,0,saving_for_future,3
S2_78B1980D,pretest,7,LL,0,saving_for_future,3
S2_78B1980D,posttest,1,LL,0,saving_for_future,3
S2_78B1980D,posttest,2,LL,0,saving_for_future,3
S2_78B1980D,posttest,3,LL,0,saving_for_future,3
S2_78B1980D,posttest,4,LL,0,saving_for_future,3
S2_78B1980D,posttest,5,LL,0,saving_for_future,3
S2_78B1980D,posttest,6,LL,0,saving_for_future,3
S2_78B1980D,posttest,7,LL,0,saving_for_future,3
S2_BBC20750,pretest,1,LL,0,saving_for_future,2
S2_BBC20750,pretest,2,LL,0,saving_for_future,2
S2_BBC20750,pretest,3,LL,0,saving_for_future,2
S2_BBC20750,pretest,4,LL,0,saving_for_future,3
S2_BBC20750,pretest,5,LL,0,saving_for_future,2
S2_BBC20750,pretest,6,LL,0,saving_for_future,2
S2_BBC20750,pretest,7,LL,0,saving_for_future,2
S2_BBC20750,posttest,1,LL,0,saving_for_future,3
S2_BBC20750,posttest,2,LL,0,saving_for_future,3
S2_BBC20750,posttest,3,LL,0,saving_for_future,3
S2_BBC20750,posttest,4,LL,0,saving_for_future,3
S2_BBC20750,posttest,5,LL,0,saving_for_future,3
S2_BBC20750,posttest,6,LL,0,saving_for_future,3
S2_BBC20750,posttest,7,LL,0,saving_for_future,3
S2_699935F7,pretest,1,LL,0,friends_or_gifts,2
S2_699935F7,pretest,2,SS,1,saving_for_future,3
S2_699935F7,pretest,3,LL,0,saving_for_future,2
S2_699935F7,pretest,4,LL,0,friends_or_gifts,3
S2_699935F7,pretest,5,LL,0,saving_for_future,2
S2_699935F7,pretest,6,LL,0,friends_or_gifts,3
S2_699935F7,pretest,7,LL,0,friends_or_gifts,3
S2_699935F7,posttest,1,SS,1,immediate_consumption,3
S2_699935F7,posttest,2,LL,0,family_support,3
S2_699935F7,posttest,3,LL,0,friends_or_gifts,2
S2_699935F7,posttest,4,LL,0,saving_for_future,3
S2_699935F7,posttest,5,LL,0,saving_for_future,3
S2_699935F7,posttest,6,LL,0,saving_for_future,3
S2_699935F7,posttest,7,LL,0,saving_for_future,3
S2_2391379B,pretest,1,SS,1,saving_for_future,2
S2_2391379B,pretest,2,SS,1,saving_for_future,2
S2_2391379B,pretest,3,SS,1,saving_for_future,2
S2_2391379B,pretest,4,SS,1,saving_for_future,2
S2_2391379B,pretest,5,SS,1,saving_for_future,2
S2_2391379B,pretest,6,SS,1,saving_for_future,2
S2_2391379B,pretest,7,SS,1,saving_for_future,2
S2_2391379B,posttest,1,LL,0,saving_for_future,2
S2_2391379B,posttest,2,SS,1,saving_for_future,2
S2_2391379B,posttest,3,SS,1,saving_for_future,2
S2_2391379B,posttest,4,SS,1,saving_for_future,2
S2_2391379B,posttest,5,LL,0,saving_for_future,2
S2_2391379B,posttest,6,LL,0,saving_for_future,2
S2_2391379B,posttest,7,LL,0,saving_for_future,2
S2_3F54D27A,pretest,1,LL,0,friends_or_gifts,3
S2_3F54D27A,pretest,2,LL,0,saving_for_future,2
S2_3F54D27A,pretest,3,LL,0,immediate_consumption,2
S2_3F54D27A,pretest,4,LL,0,family_support,1
S2_3F54D27A,pretest,5,LL,0,learning_or_education,2
S2_3F54D27A,pretest,6,LL,0,friends_or_gifts,3
S2_3F54D27A,pretest,7,LL,0,saving_for_future,2
S2_3F54D27A,posttest,1,LL,0,family_support,1
S2_3F54D27A,posttest,2,LL,0,friends_or_gifts,1
S2_3F54D27A,posttest,3,LL,0,saving_for_future,2
S2_3F54D27A,posttest,4,LL,0,friends_or_gifts,2
S2_3F54D27A,posttest,5,SS,1,friends_or_gifts,1
S2_3F54D27A,posttest,6,LL,0,immediate_consumption,2
S2_3F54D27A,posttest,7,LL,0,friends_or_gifts,2
S2_32DB44F8,pretest,1,SS,1,immediate_consumption,2
S2_32DB44F8,pretest,2,SS,1,immediate_consumption,2
S2_32DB44F8,pretest,3,SS,1,immediate_consumption,2
S2_32DB44F8,pretest,4,LL,0,friends_or_gifts,2
S2_32DB44F8,pretest,5,LL,0,immediate_consumption,2
S2_32DB44F8,pretest,6,LL,0,immediate_consumption,3
S2_32DB44F8,pretest,7,LL,0,saving_for_future,3
S2_32DB44F8,posttest,1,SS,1,immediate_consumption,2
S2_32DB44F8,posttest,2,SS,1,saving_for_future,3
S2_32DB44F8,posttest,3,SS,1,learning_or_education,2
S2_32DB44F8,posttest,4,SS,1,saving_for_future,2
S2_32DB44F8,posttest,5,LL,0,immediate_consumption,2
S2_32DB44F8,posttest,6,LL,0,friends_or_gifts,2
S2_32DB44F8,posttest,7,LL,0,family_support,2
S2_4808B0AB,pretest,1,LL,0,saving_for_future,3
S2_4808B0AB,pretest,2,LL,0,saving_for_future,3
S2_4808B0AB,pretest,3,LL,0,saving_for_future,3
S2_4808B0AB,pretest,4,LL,0,saving_for_future,3
S2_4808B0AB,pretest,5,LL,0,saving_for_future,3
S2_4808B0AB,pretest,6,LL,0,saving_for_future,3
S2_4808B0AB,pretest,7,LL,0,saving_for_future,3
S2_4808B0AB,posttest,1,LL,0,saving_for_future,3
S2_4808B0AB,posttest,2,LL,0,saving_for_future,3
S2_4808B0AB,posttest,3,LL,0,saving_for_future,3
S2_4808B0AB,posttest,4,LL,0,saving_for_future,3
S2_4808B0AB,posttest,5,LL,0,saving_for_future,3
S2_4808B0AB,posttest,6,LL,0,saving_for_future,3
S2_4808B0AB,posttest,7,LL,0,saving_for_future,3
S2_BA8F79B7,pretest,1,LL,0,saving_for_future,1
S2_BA8F79B7,pretest,2,LL,0,saving_for_future,1
S2_BA8F79B7,pretest,3,LL,0,saving_for_future,1
S2_BA8F79B7,pretest,4,LL,0,saving_for_future,1
S2_BA8F79B7,pretest,5,LL,0,saving_for_future,1
S2_BA8F79B7,pretest,6,LL,0,saving_for_future,1
S2_BA8F79B7,pretest,7,LL,0,saving_for_future,1
S2_BA8F79B7,posttest,1,LL,0,saving_for_future,1
S2_BA8F79B7,posttest,2,LL,0,saving_for_future,1
S2_BA8F79B7,posttest,3,LL,0,saving_for_future,1
S2_BA8F79B7,posttest,4,LL,0,saving_for_future,1
S2_BA8F79B7,posttest,5,SS,1,saving_for_future,1
S2_BA8F79B7,posttest,6,LL,0,saving_for_future,1
S2_BA8F79B7,posttest,7,SS,1,saving_for_future,2
S2_ED4E2D99,pretest,1,SS,1,saving_for_future,3
S2_ED4E2D99,pretest,2,SS,1,saving_for_future,3
S2_ED4E2D99,pretest,3,SS,1,immediate_consumption,2
S2_ED4E2D99,pretest,4,SS,1,immediate_consumption,3
S2_ED4E2D99,pretest,5,SS,1,immediate_consumption,3
S2_ED4E2D99,pretest,6,LL,0,saving_for_future,3
S2_ED4E2D99,pretest,7,LL,0,saving_for_future,3
S2_ED4E2D99,posttest,1,SS,1,immediate_consumption,3
S2_ED4E2D99,posttest,2,SS,1,immediate_consumption,3
S2_ED4E2D99,posttest,3,SS,1,saving_for_future,2
S2_ED4E2D99,posttest,4,SS,1,immediate_consumption,3
S2_ED4E2D99,posttest,5,SS,1,immediate_consumption,3
S2_ED4E2D99,posttest,6,LL,0,saving_for_future,3
S2_ED4E2D99,posttest,7,LL,0,saving_for_future,3
S2_E089B774,pretest,1,SS,1,immediate_consumption,2
S2_E089B774,pretest,2,SS,1,learning_or_education,2
S2_E089B774,pretest,3,SS,1,saving_for_future,2
S2_E089B774,pretest,4,SS,1,friends_or_gifts,2
S2_E089B774,pretest,5,SS,1,saving_for_future,2
S2_E089B774,pretest,6,LL,0,family_support,2
S2_E089B774,pretest,7,LL,0,family_support,2
S2_E089B774,posttest,1,SS,1,immediate_consumption,3
S2_E089B774,posttest,2,SS,1,learning_or_education,2
S2_E089B774,posttest,3,SS,1,saving_for_future,2
S2_E089B774,posttest,4,SS,1,family_support,2
S2_E089B774,posttest,5,SS,1,immediate_consumption,2
S2_E089B774,posttest,6,LL,0,friends_or_gifts,2
S2_E089B774,posttest,7,LL,0,family_support,3
S2_2B041DAB,pretest,1,LL,0,family_support,2
S2_2B041DAB,pretest,2,LL,0,immediate_consumption,1
S2_2B041DAB,pretest,3,SS,1,saving_for_future,2
S2_2B041DAB,pretest,4,SS,1,friends_or_gifts,2
S2_2B041DAB,pretest,5,LL,0,friends_or_gifts,2
S2_2B041DAB,pretest,6,LL,0,friends_or_gifts,2
S2_2B041DAB,pretest,7,LL,0,friends_or_gifts,2
S2_2B041DAB,posttest,1,LL,0,learning_or_education,3
S2_2B041DAB,posttest,2,LL,0,friends_or_gifts,2
S2_2B041DAB,posttest,3,SS,1,friends_or_gifts,3
S2_2B041DAB,posttest,4,LL,0,friends_or_gifts,2
S2_2B041DAB,posttest,5,LL,0,friends_or_gifts,3
S2_2B041DAB,posttest,6,LL,0,friends_or_gifts,3
S2_2B041DAB,posttest,7,LL,0,saving_for_future,3
S2_A18BBC62,pretest,1,SS,1,saving_for_future,2
S2_A18BBC62,pretest,2,SS,1,saving_for_future,3
S2_A18BBC62,pretest,3,SS,1,friends_or_gifts,1
S2_A18BBC62,pretest,4,SS,1,immediate_consumption,3
S2_A18BBC62,pretest,5,LL,0,saving_for_future,3
S2_A18BBC62,pretest,6,LL,0,saving_for_future,3
S2_A18BBC62,pretest,7,LL,0,saving_for_future,3
S2_A18BBC62,posttest,1,SS,1,saving_for_future,2
S2_A18BBC62,posttest,2,SS,1,saving_for_future,2
S2_A18BBC62,posttest,3,SS,1,immediate_consumption,3
S2_A18BBC62,posttest,4,SS,1,immediate_consumption,3
S2_A18BBC62,posttest,5,SS,1,immediate_consumption,3
S2_A18BBC62,posttest,6,LL,0,saving_for_future,2
S2_A18BBC62,posttest,7,LL,0,immediate_consumption,3
S2_F9E8638B,pretest,1,LL,0,saving_for_future,2
S2_F9E8638B,pretest,2,LL,0,family_support,2
S2_F9E8638B,pretest,3,LL,0,friends_or_gifts,3
S2_F9E8638B,pretest,4,LL,0,saving_for_future,3
S2_F9E8638B,pretest,5,LL,0,saving_for_future,3
S2_F9E8638B,pretest,6,LL,0,saving_for_future,3
S2_F9E8638B,pretest,7,LL,0,saving_for_future,3
S2_F9E8638B,posttest,1,LL,0,saving_for_future,3
S2_F9E8638B,posttest,2,LL,0,saving_for_future,3
S2_F9E8638B,posttest,3,LL,0,saving_for_future,3
S2_F9E8638B,posttest,4,LL,0,saving_for_future,3
S2_F9E8638B,posttest,5,LL,0,saving_for_future,3
S2_F9E8638B,posttest,6,LL,0,saving_for_future,3
S2_F9E8638B,posttest,7,LL,0,saving_for_future,3
S2_99DCD9BF,pretest,1,SS,1,saving_for_future,3
S2_99DCD9BF,pretest,2,SS,1,saving_for_future,3
S2_99DCD9BF,pretest,3,SS,1,saving_for_future,3
S2_99DCD9BF,pretest,4,LL,0,saving_for_future,3
S2_99DCD9BF,pretest,5,LL,0,saving_for_future,3
S2_99DCD9BF,pretest,6,LL,0,saving_for_future,3
S2_99DCD9BF,pretest,7,LL,0,saving_for_future,3
S2_99DCD9BF,posttest,1,SS,1,saving_for_future,3
S2_99DCD9BF,posttest,2,SS,1,saving_for_future,3
S2_99DCD9BF,posttest,3,SS,1,saving_for_future,3
S2_99DCD9BF,posttest,4,SS,1,saving_for_future,3
S2_99DCD9BF,posttest,5,LL,0,saving_for_future,3
S2_99DCD9BF,posttest,6,LL,0,saving_for_future,3
S2_99DCD9BF,posttest,7,SS,1,saving_for_future,3
S2_C3AEE767,pretest,1,SS,1,family_support,2
S2_C3AEE767,pretest,2,SS,1,immediate_consumption,2
S2_C3AEE767,pretest,3,LL,0,saving_for_future,2
S2_C3AEE767,pretest,4,LL,0,learning_or_education,3
S2_C3AEE767,pretest,5,LL,0,friends_or_gifts,1
S2_C3AEE767,pretest,6,LL,0,family_support,3
S2_C3AEE767,pretest,7,LL,0,immediate_consumption,2
S2_C3AEE767,posttest,1,SS,1,family_support,2
S2_C3AEE767,posttest,2,SS,1,immediate_consumption,3
S2_C3AEE767,posttest,3,SS,1,learning_or_education,3
S2_C3AEE767,posttest,4,SS,1,friends_or_gifts,3
S2_C3AEE767,posttest,5,LL,0,family_support,3
S2_C3AEE767,posttest,6,LL,0,immediate_consumption,3
S2_C3AEE767,posttest,7,LL,0,saving_for_future,2
S2_4403DB68,pretest,1,SS,1,saving_for_future,1
S2_4403DB68,pretest,2,SS,1,saving_for_future,1
S2_4403DB68,pretest,3,SS,1,saving_for_future,1
S2_4403DB68,pretest,4,SS,1,saving_for_future,2
S2_4403DB68,pretest,5,LL,0,saving_for_future,2
S2_4403DB68,pretest,6,LL,0,saving_for_future,2
S2_4403DB68,pretest,7,LL,0,saving_for_future,2
S2_4403DB68,posttest,1,SS,1,saving_for_future,1
S2_4403DB68,posttest,2,SS,1,saving_for_future,1
S2_4403DB68,posttest,3,SS,1,saving_for_future,2
S2_4403DB68,posttest,4,SS,1,saving_for_future,2
S2_4403DB68,posttest,5,LL,0,saving_for_future,2
S2_4403DB68,posttest,6,LL,0,saving_for_future,2
S2_4403DB68,posttest,7,LL,0,saving_for_future,2
S2_7CC65437,pretest,1,LL,0,friends_or_gifts,3
S2_7CC65437,pretest,2,SS,1,friends_or_gifts,3
S2_7CC65437,pretest,3,SS,1,friends_or_gifts,3
S2_7CC65437,pretest,4,SS,1,friends_or_gifts,3
S2_7CC65437,pretest,5,SS,1,friends_or_gifts,3
S2_7CC65437,pretest,6,SS,1,friends_or_gifts,3
S2_7CC65437,pretest,7,SS,1,friends_or_gifts,3
S2_7CC65437,posttest,1,SS,1,friends_or_gifts,3
S2_7CC65437,posttest,2,SS,1,friends_or_gifts,3
S2_7CC65437,posttest,3,SS,1,friends_or_gifts,3
S2_7CC65437,posttest,4,SS,1,friends_or_gifts,3
S2_7CC65437,posttest,5,SS,1,friends_or_gifts,2
S2_7CC65437,posttest,6,SS,1,friends_or_gifts,3
S2_7CC65437,posttest,7,LL,0,friends_or_gifts,3
S2_34BF806C,pretest,1,SS,1,saving_for_future,2
S2_34BF806C,pretest,2,SS,1,saving_for_future,3
S2_34BF806C,pretest,3,LL,0,family_support,2
S2_34BF806C,pretest,4,LL,0,friends_or_gifts,2
S2_34BF806C,pretest,5,LL,0,learning_or_education,2
S2_34BF806C,pretest,6,LL,0,saving_for_future,2
S2_34BF806C,pretest,7,LL,0,saving_for_future,2
S2_34BF806C,posttest,1,LL,0,saving_for_future,3
S2_34BF806C,posttest,2,LL,0,saving_for_future,3
S2_34BF806C,posttest,3,LL,0,saving_for_future,3
S2_34BF806C,posttest,4,LL,0,saving_for_future,3
S2_34BF806C,posttest,5,LL,0,saving_for_future,3
S2_34BF806C,posttest,6,LL,0,saving_for_future,3
S2_34BF806C,posttest,7,LL,0,saving_for_future,3
S2_E34A3D0E,pretest,1,SS,1,saving_for_future,3
S2_E34A3D0E,pretest,2,SS,1,saving_for_future,3
S2_E34A3D0E,pretest,3,LL,0,saving_for_future,2
S2_E34A3D0E,pretest,4,LL,0,saving_for_future,3
S2_E34A3D0E,pretest,5,LL,0,immediate_consumption,3
S2_E34A3D0E,pretest,6,LL,0,immediate_consumption,3
S2_E34A3D0E,pretest,7,LL,0,friends_or_gifts,2
S2_E34A3D0E,posttest,1,SS,1,saving_for_future,3
S2_E34A3D0E,posttest,2,SS,1,immediate_consumption,2
S2_E34A3D0E,posttest,3,LL,0,friends_or_gifts,2
S2_E34A3D0E,posttest,4,LL,0,immediate_consumption,3
S2_E34A3D0E,posttest,5,LL,0,saving_for_future,2
S2_E34A3D0E,posttest,6,LL,0,saving_for_future,3
S2_E34A3D0E,posttest,7,LL,0,saving_for_future,3
S2_2D90FC86,pretest,1,SS,1,saving_for_future,3
S2_2D90FC86,pretest,2,SS,1,saving_for_future,3
S2_2D90FC86,pretest,3,SS,1,saving_for_future,3
S2_2D90FC86,pretest,4,SS,1,saving_for_future,3
S2_2D90FC86,pretest,5,SS,1,saving_for_future,3
S2_2D90FC86,pretest,6,LL,0,saving_for_future,3
S2_2D90FC86,pretest,7,LL,0,saving_for_future,3
S2_2D90FC86,posttest,1,SS,1,saving_for_future,3
S2_2D90FC86,posttest,2,SS,1,saving_for_future,3
S2_2D90FC86,posttest,3,SS,1,saving_for_future,3
S2_2D90FC86,posttest,4,SS,1,saving_for_future,3
S2_2D90FC86,posttest,5,SS,1,saving_for_future,3
S2_2D90FC86,posttest,6,LL,0,saving_for_future,3
S2_2D90FC86,posttest,7,LL,0,saving_for_future,3
S2_BFF059D4,pretest,1,SS,1,saving_for_future,3
S2_BFF059D4,pretest,2,SS,1,immediate_consumption,3
S2_BFF059D4,pretest,3,SS,1,family_support,3
S2_BFF059D4,pretest,4,SS,1,friends_or_gifts,2
S2_BFF059D4,pretest,5,LL,0,saving_for_future,2
S2_BFF059D4,pretest,6,LL,0,family_support,2
S2_BFF059D4,pretest,7,LL,0,saving_for_future,2
S2_BFF059D4,posttest,1,SS,1,family_support,3
S2_BFF059D4,posttest,2,SS,1,family_support,3
S2_BFF059D4,posttest,3,SS,1,immediate_consumption,3
S2_BFF059D4,posttest,4,SS,1,immediate_consumption,3
S2_BFF059D4,posttest,5,SS,1,saving_for_future,3
S2_BFF059D4,posttest,6,SS,1,immediate_consumption,3
S2_BFF059D4,posttest,7,SS,1,family_support,3
S2_20B0F917,pretest,1,LL,0,saving_for_future,3
S2_20B0F917,pretest,2,LL,0,saving_for_future,3
S2_20B0F917,pretest,3,LL,0,saving_for_future,3
S2_20B0F917,pretest,4,LL,0,saving_for_future,3
S2_20B0F917,pretest,5,LL,0,saving_for_future,3
S2_20B0F917,pretest,6,LL,0,saving_for_future,3
S2_20B0F917,pretest,7,LL,0,saving_for_future,3
S2_20B0F917,posttest,1,SS,1,immediate_consumption,3
S2_20B0F917,posttest,2,LL,0,friends_or_gifts,3
S2_20B0F917,posttest,3,LL,0,friends_or_gifts,3
S2_20B0F917,posttest,4,LL,0,learning_or_education,3
S2_20B0F917,posttest,5,LL,0,saving_for_future,1
S2_20B0F917,posttest,6,SS,1,friends_or_gifts,1
S2_20B0F917,posttest,7,LL,0,family_support,3
S2_B55D1DD7,pretest,1,LL,0,saving_for_future,2
S2_B55D1DD7,pretest,2,SS,1,saving_for_future,2
S2_B55D1DD7,pretest,3,LL,0,saving_for_future,2
S2_B55D1DD7,pretest,4,SS,1,saving_for_future,2
S2_B55D1DD7,pretest,5,LL,0,saving_for_future,2
S2_B55D1DD7,pretest,6,LL,0,saving_for_future,2
S2_B55D1DD7,pretest,7,LL,0,saving_for_future,2
S2_B55D1DD7,posttest,1,SS,1,saving_for_future,2
S2_B55D1DD7,posttest,2,SS,1,saving_for_future,2
S2_B55D1DD7,posttest,3,SS,1,saving_for_future,2
S2_B55D1DD7,posttest,4,LL,0,saving_for_future,2
S2_B55D1DD7,posttest,5,LL,0,saving_for_future,2
S2_B55D1DD7,posttest,6,LL,0,saving_for_future,2
S2_B55D1DD7,posttest,7,LL,0,saving_for_future,2
S2_09C4D6FE,pretest,1,LL,0,saving_for_future,2
S2_09C4D6FE,pretest,2,SS,1,family_support,2
S2_09C4D6FE,pretest,3,LL,0,friends_or_gifts,2
S2_09C4D6FE,pretest,4,LL,0,learning_or_education,2
S2_09C4D6FE,pretest,5,LL,0,saving_for_future,2
S2_09C4D6FE,pretest,6,LL,0,saving_for_future,2
S2_09C4D6FE,pretest,7,LL,0,saving_for_future,2
S2_09C4D6FE,posttest,1,SS,1,family_support,2
S2_09C4D6FE,posttest,2,SS,1,family_support,2
S2_09C4D6FE,posttest,3,LL,0,family_support,2
S2_09C4D6FE,posttest,4,SS,1,immediate_consumption,2
S2_09C4D6FE,posttest,5,LL,0,saving_for_future,2
S2_09C4D6FE,posttest,6,SS,1,friends_or_gifts,2
S2_09C4D6FE,posttest,7,LL,0,saving_for_future,2
S2_F5606531,pretest,1,SS,1,immediate_consumption,3
S2_F5606531,pretest,2,SS,1,immediate_consumption,3
S2_F5606531,pretest,3,SS,1,immediate_consumption,2
S2_F5606531,pretest,4,SS,1,saving_for_future,2
S2_F5606531,pretest,5,LL,0,saving_for_future,2
S2_F5606531,pretest,6,LL,0,immediate_consumption,3
S2_F5606531,pretest,7,LL,0,saving_for_future,3
S2_F5606531,posttest,1,SS,1,saving_for_future,3
S2_F5606531,posttest,2,SS,1,saving_for_future,2
S2_F5606531,posttest,3,SS,1,saving_for_future,2
S2_F5606531,posttest,4,SS,1,saving_for_future,2
S2_F5606531,posttest,5,SS,1,saving_for_future,2
S2_F5606531,posttest,6,LL,0,saving_for_future,3
S2_F5606531,posttest,7,LL,0,immediate_consumption,2
S2_47576F86,pretest,1,SS,1,friends_or_gifts,2
S2_47576F86,pretest,2,SS,1,saving_for_future,3
S2_47576F86,pretest,3,LL,0,friends_or_gifts,3
S2_47576F86,pretest,4,LL,0,friends_or_gifts,2
S2_47576F86,pretest,5,SS,1,friends_or_gifts,2
S2_47576F86,pretest,6,LL,0,saving_for_future,2
S2_47576F86,pretest,7,LL,0,saving_for_future,3
S2_47576F86,posttest,1,SS,1,friends_or_gifts,2
S2_47576F86,posttest,2,SS,1,saving_for_future,2
S2_47576F86,posttest,3,SS,1,friends_or_gifts,3
S2_47576F86,posttest,4,LL,0,saving_for_future,2
S2_47576F86,posttest,5,LL,0,friends_or_gifts,3
S2_47576F86,posttest,6,LL,0,saving_for_future,3
S2_47576F86,posttest,7,LL,0,friends_or_gifts,2
S2_0F9154D4,pretest,1,LL,0,saving_for_future,3
S2_0F9154D4,pretest,2,LL,0,saving_for_future,3
S2_0F9154D4,pretest,3,LL,0,saving_for_future,3
S2_0F9154D4,pretest,4,LL,0,saving_for_future,3
S2_0F9154D4,pretest,5,LL,0,saving_for_future,3
S2_0F9154D4,pretest,6,LL,0,saving_for_future,3
S2_0F9154D4,pretest,7,LL,0,saving_for_future,3
S2_0F9154D4,posttest,1,LL,0,saving_for_future,3
S2_0F9154D4,posttest,2,LL,0,saving_for_future,3
S2_0F9154D4,posttest,3,LL,0,saving_for_future,3
S2_0F9154D4,posttest,4,LL,0,saving_for_future,3
S2_0F9154D4,posttest,5,LL,0,saving_for_future,3
S2_0F9154D4,posttest,6,LL,0,saving_for_future,3
S2_0F9154D4,posttest,7,LL,0,saving_for_future,3
S2_792B4940,pretest,1,SS,1,saving_for_future,3
S2_792B4940,pretest,2,SS,1,saving_for_future,3
S2_792B4940,pretest,3,SS,1,saving_for_future,3
S2_792B4940,pretest,4,SS,1,saving_for_future,3
S2_792B4940,pretest,5,SS,1,saving_for_future,3
S2_792B4940,pretest,6,SS,1,saving_for_future,3
S2_792B4940,pretest,7,LL,0,saving_for_future,1
S2_792B4940,posttest,1,SS,1,saving_for_future,3
S2_792B4940,posttest,2,SS,1,saving_for_future,3
S2_792B4940,posttest,3,SS,1,saving_for_future,3
S2_792B4940,posttest,4,SS,1,saving_for_future,3
S2_792B4940,posttest,5,SS,1,saving_for_future,3
S2_792B4940,posttest,6,SS,1,immediate_consumption,3
S2_792B4940,posttest,7,LL,0,friends_or_gifts,3
S2_C79E4810,pretest,1,SS,1,saving_for_future,1
S2_C79E4810,pretest,2,SS,1,immediate_consumption,2
S2_C79E4810,pretest,3,SS,1,immediate_consumption,2
S2_C79E4810,pretest,4,SS,1,friends_or_gifts,1
S2_C79E4810,pretest,5,LL,0,family_support,3
S2_C79E4810,pretest,6,LL,0,saving_for_future,2
S2_C79E4810,pretest,7,LL,0,saving_for_future,2
S2_C79E4810,posttest,1,SS,1,immediate_consumption,3
S2_C79E4810,posttest,2,SS,1,saving_for_future,3
S2_C79E4810,posttest,3,LL,0,friends_or_gifts,2
S2_C79E4810,posttest,4,LL,0,saving_for_future,2
S2_C79E4810,posttest,5,LL,0,family_support,2
S2_C79E4810,posttest,6,LL,0,immediate_consumption,2
S2_C79E4810,posttest,7,LL,0,saving_for_future,3
S2_89F814BC,pretest,1,SS,1,saving_for_future,3
S2_89F814BC,pretest,2,SS,1,saving_for_future,3
S2_89F814BC,pretest,3,SS,1,saving_for_future,3
S2_89F814BC,pretest,4,SS,1,saving_for_future,3
S2_89F814BC,pretest,5,SS,1,saving_for_future,3
S2_89F814BC,pretest,6,LL,0,saving_for_future,3
S2_89F814BC,pretest,7,LL,0,saving_for_future,3
S2_89F814BC,posttest,1,SS,1,saving_for_future,3
S2_89F814BC,posttest,2,SS,1,saving_for_future,3
S2_89F814BC,posttest,3,SS,1,saving_for_future,3
S2_89F814BC,posttest,4,SS,1,saving_for_future,3
S2_89F814BC,posttest,5,SS,1,saving_for_future,3
S2_89F814BC,posttest,6,LL,0,saving_for_future,3
S2_89F814BC,posttest,7,LL,0,saving_for_future,3
S2_7674E5EC,pretest,1,SS,1,saving_for_future,3
S2_7674E5EC,pretest,2,SS,1,saving_for_future,2
S2_7674E5EC,pretest,3,LL,0,family_support,2
S2_7674E5EC,pretest,4,LL,0,immediate_consumption,3
S2_7674E5EC,pretest,5,LL,0,saving_for_future,3
S2_7674E5EC,pretest,6,LL,0,saving_for_future,3
S2_7674E5EC,pretest,7,LL,0,family_support,3
S2_7674E5EC,posttest,1,SS,1,saving_for_future,2
S2_7674E5EC,posttest,2,SS,1,saving_for_future,2
S2_7674E5EC,posttest,3,SS,1,saving_for_future,3
S2_7674E5EC,posttest,4,LL,0,saving_for_future,3
S2_7674E5EC,posttest,5,LL,0,saving_for_future,2
S2_7674E5EC,posttest,6,LL,0,saving_for_future,3
S2_7674E5EC,posttest,7,LL,0,saving_for_future,3
S2_F23B1775,pretest,1,LL,0,saving_for_future,3
S2_F23B1775,pretest,2,LL,0,saving_for_future,3
S2_F23B1775,pretest,3,LL,0,saving_for_future,3
S2_F23B1775,pretest,4,LL,0,saving_for_future,3
S2_F23B1775,pretest,5,LL,0,saving_for_future,3
S2_F23B1775,pretest,6,LL,0,saving_for_future,3
S2_F23B1775,pretest,7,LL,0,saving_for_future,3
S2_F23B1775,posttest,1,LL,0,saving_for_future,3
S2_F23B1775,posttest,2,LL,0,saving_for_future,3
S2_F23B1775,posttest,3,LL,0,saving_for_future,3
S2_F23B1775,posttest,4,LL,0,saving_for_future,3
S2_F23B1775,posttest,5,LL,0,saving_for_future,3
S2_F23B1775,posttest,6,LL,0,saving_for_future,3
S2_F23B1775,posttest,7,LL,0,saving_for_future,3
S2_DBCACA6A,pretest,1,SS,1,saving_for_future,3
S2_DBCACA6A,pretest,2,SS,1,saving_for_future,3
S2_DBCACA6A,pretest,3,SS,1,saving_for_future,3
S2_DBCACA6A,pretest,4,SS,1,saving_for_future,3
S2_DBCACA6A,pretest,5,SS,1,saving_for_future,3
S2_DBCACA6A,pretest,6,SS,1,saving_for_future,3
S2_DBCACA6A,pretest,7,LL,0,saving_for_future,3
S2_DBCACA6A,posttest,1,SS,1,saving_for_future,3
S2_DBCACA6A,posttest,2,SS,1,saving_for_future,3
S2_DBCACA6A,posttest,3,SS,1,saving_for_future,3
S2_DBCACA6A,posttest,4,SS,1,saving_for_future,3
S2_DBCACA6A,posttest,5,LL,0,saving_for_future,3
S2_DBCACA6A,posttest,6,LL,0,saving_for_future,3
S2_DBCACA6A,posttest,7,LL,0,saving_for_future,3
S2_58CED557,pretest,1,SS,1,immediate_consumption,2
S2_58CED557,pretest,2,SS,1,saving_for_future,3
S2_58CED557,pretest,3,SS,1,learning_or_education,2
S2_58CED557,pretest,4,SS,1,saving_for_future,3
S2_58CED557,pretest,5,SS,1,family_support,2
S2_58CED557,pretest,6,SS,1,saving_for_future,3
S2_58CED557,pretest,7,SS,1,family_support,3
S2_58CED557,posttest,1,LL,0,family_support,3
S2_58CED557,posttest,2,SS,1,friends_or_gifts,3
S2_58CED557,posttest,3,SS,1,learning_or_education,3
S2_58CED557,posttest,4,SS,1,friends_or_gifts,3
S2_58CED557,posttest,5,LL,0,friends_or_gifts,3
S2_58CED557,posttest,6,LL,0,friends_or_gifts,3
S2_58CED557,posttest,7,SS,1,learning_or_education,3
S2_332A7668,pretest,1,LL,0,saving_for_future,2
S2_332A7668,pretest,2,LL,0,saving_for_future,2
S2_332A7668,pretest,3,LL,0,saving_for_future,2
S2_332A7668,pretest,4,LL,0,saving_for_future,2
S2_332A7668,pretest,5,LL,0,family_support,3
S2_332A7668,pretest,6,LL,0,family_support,2
S2_332A7668,pretest,7,LL,0,saving_for_future,2
S2_332A7668,posttest,1,SS,1,friends_or_gifts,3
S2_332A7668,posttest,2,SS,1,family_support,2
S2_332A7668,posttest,3,LL,0,saving_for_future,2
S2_332A7668,posttest,4,LL,0,saving_for_future,2
S2_332A7668,posttest,5,LL,0,saving_for_future,2
S2_332A7668,posttest,6,LL,0,family_support,3
S2_332A7668,posttest,7,LL,0,saving_for_future,3
S2_37188A9A,pretest,1,LL,0,saving_for_future,3
S2_37188A9A,pretest,2,LL,0,saving_for_future,2
S2_37188A9A,pretest,3,LL,0,saving_for_future,2
S2_37188A9A,pretest,4,LL,0,family_support,3
S2_37188A9A,pretest,5,LL,0,friends_or_gifts,3
S2_37188A9A,pretest,6,LL,0,immediate_consumption,3
S2_37188A9A,pretest,7,LL,0,saving_for_future,3
S2_37188A9A,posttest,1,LL,0,family_support,3
S2_37188A9A,posttest,2,LL,0,family_support,3
S2_37188A9A,posttest,3,LL,0,saving_for_future,3
S2_37188A9A,posttest,4,LL,0,saving_for_future,3
S2_37188A9A,posttest,5,LL,0,immediate_consumption,3
S2_37188A9A,posttest,6,LL,0,family_support,3
S2_37188A9A,posttest,7,LL,0,immediate_consumption,2
S2_FF068BD1,pretest,1,SS,1,saving_for_future,3
S2_FF068BD1,pretest,2,SS,1,saving_for_future,3
S2_FF068BD1,pretest,3,SS,1,saving_for_future,3
S2_FF068BD1,pretest,4,LL,0,saving_for_future,3
S2_FF068BD1,pretest,5,LL,0,saving_for_future,3
S2_FF068BD1,pretest,6,LL,0,saving_for_future,3
S2_FF068BD1,pretest,7,LL,0,saving_for_future,3
S2_FF068BD1,posttest,1,SS,1,saving_for_future,3
S2_FF068BD1,posttest,2,SS,1,saving_for_future,3
S2_FF068BD1,posttest,3,SS,1,saving_for_future,3
S2_FF068BD1,posttest,4,SS,1,saving_for_future,3
S2_FF068BD1,posttest,5,LL,0,saving_for_future,3
S2_FF068BD1,posttest,6,LL,0,saving_for_future,3
S2_FF068BD1,posttest,7,LL,0,saving_for_future,3
S2_D67BC4AB,pretest,1,LL,0,friends_or_gifts,3
S2_D67BC4AB,pretest,2,SS,1,friends_or_gifts,3
S2_D67BC4AB,pretest,3,LL,0,friends_or_gifts,3
S2_D67BC4AB,pretest,4,LL,0,friends_or_gifts,3
S2_D67BC4AB,pretest,5,LL,0,friends_or_gifts,3
S2_D67BC4AB,pretest,6,LL,0,friends_or_gifts,3
S2_D67BC4AB,pretest,7,LL,0,friends_or_gifts,3
S2_D67BC4AB,posttest,1,SS,1,friends_or_gifts,3
S2_D67BC4AB,posttest,2,SS,1,friends_or_gifts,3
S2_D67BC4AB,posttest,3,SS,1,friends_or_gifts,3
S2_D67BC4AB,posttest,4,SS,1,friends_or_gifts,3
S2_D67BC4AB,posttest,5,LL,0,friends_or_gifts,3
S2_D67BC4AB,posttest,6,LL,0,friends_or_gifts,3
S2_D67BC4AB,posttest,7,LL,0,friends_or_gifts,3
S2_373BEBE6,pretest,1,SS,1,saving_for_future,2
S2_373BEBE6,pretest,2,SS,1,learning_or_education,2
S2_373BEBE6,pretest,3,LL,0,saving_for_future,3
S2_373BEBE6,pretest,4,LL,0,immediate_consumption,1
S2_373BEBE6,pretest,5,SS,1,friends_or_gifts,2
S2_373BEBE6,pretest,6,LL,0,saving_for_future,3
S2_373BEBE6,pretest,7,LL,0,friends_or_gifts,3
S2_373BEBE6,posttest,1,SS,1,immediate_consumption,1
S2_373BEBE6,posttest,2,SS,1,saving_for_future,3
S2_373BEBE6,posttest,3,SS,1,learning_or_education,2
S2_373BEBE6,posttest,4,LL,0,friends_or_gifts,1
S2_373BEBE6,posttest,5,LL,0,saving_for_future,3
S2_373BEBE6,posttest,6,LL,0,learning_or_education,3
S2_373BEBE6,posttest,7,LL,0,saving_for_future,3
S2_B9599FFF,pretest,1,SS,1,saving_for_future,3
S2_B9599FFF,pretest,2,SS,1,family_support,2
S2_B9599FFF,pretest,3,LL,0,learning_or_education,2
S2_B9599FFF,pretest,4,SS,1,friends_or_gifts,2
S2_B9599FFF,pretest,5,LL,0,immediate_consumption,2
S2_B9599FFF,pretest,6,LL,0,family_support,3
S2_B9599FFF,pretest,7,LL,0,saving_for_future,3
S2_B9599FFF,posttest,1,SS,1,family_support,3
S2_B9599FFF,posttest,2,SS,1,friends_or_gifts,2
S2_B9599FFF,posttest,3,SS,1,learning_or_education,2
S2_B9599FFF,posttest,4,SS,1,immediate_consumption,2
S2_B9599FFF,posttest,5,SS,1,saving_for_future,2
S2_B9599FFF,posttest,6,LL,0,family_support,2
S2_B9599FFF,posttest,7,LL,0,friends_or_gifts,2
S2_25C51D3F,pretest,1,LL,0,family_support,3
S2_25C51D3F,pretest,2,LL,0,family_support,2
S2_25C51D3F,pretest,3,LL,0,family_support,3
S2_25C51D3F,pretest,4,SS,1,family_support,2
S2_25C51D3F,pretest,5,SS,1,saving_for_future,3
S2_25C51D3F,pretest,6,SS,1,saving_for_future,1
S2_25C51D3F,pretest,7,LL,0,saving_for_future,1
S2_25C51D3F,posttest,1,SS,1,family_support,1
S2_25C51D3F,posttest,2,SS,1,saving_for_future,3
S2_25C51D3F,posttest,3,SS,1,saving_for_future,3
S2_25C51D3F,posttest,4,SS,1,saving_for_future,2
S2_25C51D3F,posttest,5,SS,1,saving_for_future,2
S2_25C51D3F,posttest,6,SS,1,saving_for_future,2
S2_25C51D3F,posttest,7,SS,1,saving_for_future,2
S2_D26CA826,pretest,1,SS,1,saving_for_future,3
S2_D26CA826,pretest,2,LL,0,saving_for_future,3
S2_D26CA826,pretest,3,LL,0,saving_for_future,3
S2_D26CA826,pretest,4,LL,0,saving_for_future,3
S2_D26CA826,pretest,5,LL,0,saving_for_future,3
S2_D26CA826,pretest,6,LL,0,saving_for_future,3
S2_D26CA826,pretest,7,LL,0,saving_for_future,3
S2_D26CA826,posttest,1,SS,1,saving_for_future,3
S2_D26CA826,posttest,2,SS,1,saving_for_future,3
S2_D26CA826,posttest,3,SS,1,saving_for_future,3
S2_D26CA826,posttest,4,LL,0,saving_for_future,3
S2_D26CA826,posttest,5,LL,0,saving_for_future,3
S2_D26CA826,posttest,6,LL,0,saving_for_future,3
S2_D26CA826,posttest,7,LL,0,saving_for_future,3
S2_3818168D,pretest,1,LL,0,saving_for_future,2
S2_3818168D,pretest,2,LL,0,saving_for_future,2
S2_3818168D,pretest,3,LL,0,saving_for_future,2
S2_3818168D,pretest,4,SS,1,saving_for_future,2
S2_3818168D,pretest,5,LL,0,saving_for_future,2
S2_3818168D,pretest,6,LL,0,saving_for_future,3
S2_3818168D,pretest,7,LL,0,saving_for_future,3
S2_3818168D,posttest,1,LL,0,saving_for_future,3
S2_3818168D,posttest,2,LL,0,saving_for_future,3
S2_3818168D,posttest,3,LL,0,friends_or_gifts,3
S2_3818168D,posttest,4,LL,0,immediate_consumption,1
S2_3818168D,posttest,5,LL,0,learning_or_education,2
S2_3818168D,posttest,6,LL,0,saving_for_future,2
S2_3818168D,posttest,7,LL,0,friends_or_gifts,3
S2_9E755023,pretest,1,LL,0,saving_for_future,3
S2_9E755023,pretest,2,SS,1,saving_for_future,3
S2_9E755023,pretest,3,LL,0,saving_for_future,3
S2_9E755023,pretest,4,LL,0,saving_for_future,3
S2_9E755023,pretest,5,LL,0,immediate_consumption,2
S2_9E755023,pretest,6,LL,0,immediate_consumption,3
S2_9E755023,pretest,7,LL,0,saving_for_future,3
S2_9E755023,posttest,1,SS,1,saving_for_future,3
S2_9E755023,posttest,2,SS,1,saving_for_future,3
S2_9E755023,posttest,3,SS,1,saving_for_future,3
S2_9E755023,posttest,4,SS,1,immediate_consumption,3
S2_9E755023,posttest,5,LL,0,saving_for_future,3
S2_9E755023,posttest,6,LL,0,saving_for_future,3
S2_9E755023,posttest,7,LL,0,saving_for_future,3
S2_149CA997,pretest,1,SS,1,saving_for_future,2
S2_149CA997,pretest,2,SS,1,saving_for_future,3
S2_149CA997,pretest,3,LL,0,saving_for_future,3
S2_149CA997,pretest,4,LL,0,saving_for_future,3
S2_149CA997,pretest,5,LL,0,friends_or_gifts,2
S2_149CA997,pretest,6,LL,0,saving_for_future,3
S2_149CA997,pretest,7,LL,0,saving_for_future,3
S2_149CA997,posttest,1,SS,1,saving_for_future,3
S2_149CA997,posttest,2,SS,1,saving_for_future,3
S2_149CA997,posttest,3,SS,1,saving_for_future,3
S2_149CA997,posttest,4,LL,0,friends_or_gifts,3
S2_149CA997,posttest,5,LL,0,friends_or_gifts,3
S2_149CA997,posttest,6,LL,0,saving_for_future,3
S2_149CA997,posttest,7,LL,0,saving_for_future,3
S2_AF3CDF5D,pretest,1,LL,0,immediate_consumption,3
S2_AF3CDF5D,pretest,2,LL,0,immediate_consumption,3
S2_AF3CDF5D,pretest,3,LL,0,immediate_consumption,3
S2_AF3CDF5D,pretest,4,LL,0,immediate_consumption,3
S2_AF3CDF5D,pretest,5,LL,0,immediate_consumption,3
S2_AF3CDF5D,pretest,6,LL,0,immediate_consumption,3
S2_AF3CDF5D,pretest,7,LL,0,immediate_consumption,3
S2_AF3CDF5D,posttest,1,LL,0,saving_for_future,3
S2_AF3CDF5D,posttest,2,LL,0,immediate_consumption,3
S2_AF3CDF5D,posttest,3,LL,0,saving_for_future,2
S2_AF3CDF5D,posttest,4,SS,1,saving_for_future,3
S2_AF3CDF5D,posttest,5,LL,0,saving_for_future,3
S2_AF3CDF5D,posttest,6,LL,0,saving_for_future,3
S2_AF3CDF5D,posttest,7,LL,0,saving_for_future,3
S2_DC6B03C1,pretest,1,LL,0,saving_for_future,2
S2_DC6B03C1,pretest,2,LL,0,saving_for_future,2
S2_DC6B03C1,pretest,3,LL,0,saving_for_future,2
S2_DC6B03C1,pretest,4,LL,0,saving_for_future,2
S2_DC6B03C1,pretest,5,LL,0,saving_for_future,2
S2_DC6B03C1,pretest,6,LL,0,saving_for_future,2
S2_DC6B03C1,pretest,7,LL,0,saving_for_future,2
S2_DC6B03C1,posttest,1,LL,0,saving_for_future,2
S2_DC6B03C1,posttest,2,LL,0,saving_for_future,2
S2_DC6B03C1,posttest,3,LL,0,saving_for_future,2
S2_DC6B03C1,posttest,4,LL,0,saving_for_future,2
S2_DC6B03C1,posttest,5,LL,0,saving_for_future,2
S2_DC6B03C1,posttest,6,LL,0,saving_for_future,2
S2_DC6B03C1,posttest,7,LL,0,saving_for_future,2
S2_4A1A8F3B,pretest,1,SS,1,saving_for_future,3
S2_4A1A8F3B,pretest,2,SS,1,saving_for_future,3
S2_4A1A8F3B,pretest,3,LL,0,saving_for_future,3
S2_4A1A8F3B,pretest,4,LL,0,learning_or_education,3
S2_4A1A8F3B,pretest,5,LL,0,immediate_consumption,3
S2_4A1A8F3B,pretest,6,LL,0,immediate_consumption,3
S2_4A1A8F3B,pretest,7,LL,0,saving_for_future,3
S2_4A1A8F3B,posttest,1,SS,1,saving_for_future,3
S2_4A1A8F3B,posttest,2,SS,1,saving_for_future,3
S2_4A1A8F3B,posttest,3,SS,1,learning_or_education,3
S2_4A1A8F3B,posttest,4,LL,0,immediate_consumption,3
S2_4A1A8F3B,posttest,5,LL,0,immediate_consumption,2
S2_4A1A8F3B,posttest,6,LL,0,saving_for_future,3
S2_4A1A8F3B,posttest,7,LL,0,saving_for_future,3
S2_AED9B3E7,pretest,1,SS,1,saving_for_future,2
S2_AED9B3E7,pretest,2,SS,1,immediate_consumption,2
S2_AED9B3E7,pretest,3,SS,1,immediate_consumption,3
S2_AED9B3E7,pretest,4,LL,0,friends_or_gifts,2
S2_AED9B3E7,pretest,5,LL,0,immediate_consumption,2
S2_AED9B3E7,pretest,6,LL,0,saving_for_future,1
S2_AED9B3E7,pretest,7,LL,0,immediate_consumption,2
S2_AED9B3E7,posttest,1,SS,1,saving_for_future,2
S2_AED9B3E7,posttest,2,SS,1,immediate_consumption,2
S2_AED9B3E7,posttest,3,SS,1,immediate_consumption,2
S2_AED9B3E7,posttest,4,SS,1,friends_or_gifts,2
S2_AED9B3E7,posttest,5,SS,1,immediate_consumption,2
S2_AED9B3E7,posttest,6,LL,0,family_support,2
S2_AED9B3E7,posttest,7,SS,1,immediate_consumption,2
S2_9BA6A17B,pretest,1,LL,0,saving_for_future,2
S2_9BA6A17B,pretest,2,SS,1,saving_for_future,2
S2_9BA6A17B,pretest,3,SS,1,saving_for_future,2
S2_9BA6A17B,pretest,4,LL,0,saving_for_future,3
S2_9BA6A17B,pretest,5,LL,0,saving_for_future,3
S2_9BA6A17B,pretest,6,LL,0,saving_for_future,3
S2_9BA6A17B,pretest,7,LL,0,saving_for_future,3
S2_9BA6A17B,posttest,1,SS,1,friends_or_gifts,3
S2_9BA6A17B,posttest,2,SS,1,family_support,3
S2_9BA6A17B,posttest,3,SS,1,learning_or_education,3
S2_9BA6A17B,posttest,4,LL,0,saving_for_future,2
S2_9BA6A17B,posttest,5,LL,0,immediate_consumption,3
S2_9BA6A17B,posttest,6,LL,0,friends_or_gifts,3
S2_9BA6A17B,posttest,7,LL,0,saving_for_future,2
S2_43E7FB2A,pretest,1,LL,0,saving_for_future,3
S2_43E7FB2A,pretest,2,LL,0,saving_for_future,3
S2_43E7FB2A,pretest,3,SS,1,saving_for_future,3
S2_43E7FB2A,pretest,4,LL,0,saving_for_future,3
S2_43E7FB2A,pretest,5,LL,0,saving_for_future,3
S2_43E7FB2A,pretest,6,LL,0,saving_for_future,3
S2_43E7FB2A,pretest,7,LL,0,saving_for_future,3
S2_43E7FB2A,posttest,1,LL,0,saving_for_future,3
S2_43E7FB2A,posttest,2,LL,0,saving_for_future,3
S2_43E7FB2A,posttest,3,LL,0,saving_for_future,3
S2_43E7FB2A,posttest,4,LL,0,saving_for_future,3
S2_43E7FB2A,posttest,5,LL,0,saving_for_future,3
S2_43E7FB2A,posttest,6,LL,0,saving_for_future,3
S2_43E7FB2A,posttest,7,LL,0,saving_for_future,3
S2_89D63C4C,pretest,1,SS,1,immediate_consumption,2
S2_89D63C4C,pretest,2,SS,1,immediate_consumption,2
S2_89D63C4C,pretest,3,SS,1,immediate_consumption,2
S2_89D63C4C,pretest,4,SS,1,immediate_consumption,2
S2_89D63C4C,pretest,5,SS,1,immediate_consumption,2
S2_89D63C4C,pretest,6,LL,0,immediate_consumption,2
S2_89D63C4C,pretest,7,LL,0,immediate_consumption,2
S2_89D63C4C,posttest,1,SS,1,immediate_consumption,2
S2_89D63C4C,posttest,2,SS,1,immediate_consumption,2
S2_89D63C4C,posttest,3,SS,1,immediate_consumption,2
S2_89D63C4C,posttest,4,SS,1,immediate_consumption,2
S2_89D63C4C,posttest,5,SS,1,immediate_consumption,2
S2_89D63C4C,posttest,6,LL,0,immediate_consumption,2
S2_89D63C4C,posttest,7,SS,1,immediate_consumption,2
S2_9AEE5F96,pretest,1,SS,1,saving_for_future,2
S2_9AEE5F96,pretest,2,SS,1,friends_or_gifts,2
S2_9AEE5F96,pretest,3,SS,1,saving_for_future,2
S2_9AEE5F96,pretest,4,SS,1,saving_for_future,2
S2_9AEE5F96,pretest,5,SS,1,immediate_consumption,2
S2_9AEE5F96,pretest,6,LL,0,saving_for_future,2
S2_9AEE5F96,pretest,7,SS,1,immediate_consumption,2
S2_9AEE5F96,posttest,1,SS,1,saving_for_future,2
S2_9AEE5F96,posttest,2,SS,1,saving_for_future,2
S2_9AEE5F96,posttest,3,SS,1,saving_for_future,2
S2_9AEE5F96,posttest,4,SS,1,immediate_consumption,2
S2_9AEE5F96,posttest,5,SS,1,friends_or_gifts,2
S2_9AEE5F96,posttest,6,SS,1,immediate_consumption,2
S2_9AEE5F96,posttest,7,SS,1,immediate_consumption,2
S2_D71553D6,pretest,1,LL,0,learning_or_education,2
S2_D71553D6,pretest,2,LL,0,learning_or_education,2
S2_D71553D6,pretest,3,LL,0,learning_or_education,2
S2_D71553D6,pretest,4,LL,0,learning_or_education,2
S2_D71553D6,pretest,5,SS,1,learning_or_education,2
S2_D71553D6,pretest,6,LL,0,learning_or_education,2
S2_D71553D6,pretest,7,LL,0,learning_or_education,2
S2_D71553D6,posttest,1,LL,0,learning_or_education,2
S2_D71553D6,posttest,2,LL,0,learning_or_education,2
S2_D71553D6,posttest,3,LL,0,learning_or_education,2
S2_D71553D6,posttest,4,LL,0,learning_or_education,2
S2_D71553D6,posttest,5,LL,0,family_support,3
S2_D71553D6,posttest,6,SS,1,friends_or_gifts,1
S2_D71553D6,posttest,7,SS,1,family_support,3
S2_8BBE31BE,pretest,1,LL,0,saving_for_future,3
S2_8BBE31BE,pretest,2,SS,1,saving_for_future,3
S2_8BBE31BE,pretest,3,LL,0,family_support,2
S2_8BBE31BE,pretest,4,LL,0,friends_or_gifts,3
S2_8BBE31BE,pretest,5,LL,0,saving_for_future,3
S2_8BBE31BE,pretest,6,LL,0,saving_for_future,3
S2_8BBE31BE,pretest,7,LL,0,family_support,3
S2_8BBE31BE,posttest,1,SS,1,friends_or_gifts,2
S2_8BBE31BE,posttest,2,SS,1,learning_or_education,3
S2_8BBE31BE,posttest,3,SS,1,family_support,2
S2_8BBE31BE,posttest,4,SS,1,immediate_consumption,2
S2_8BBE31BE,posttest,5,LL,0,family_support,2
S2_8BBE31BE,posttest,6,LL,0,family_support,3
S2_8BBE31BE,posttest,7,LL,0,family_support,3
S2_A5F728F4,pretest,1,LL,0,saving_for_future,3
S2_A5F728F4,pretest,2,LL,0,saving_for_future,3
S2_A5F728F4,pretest,3,LL,0,saving_for_future,3
S2_A5F728F4,pretest,4,LL,0,saving_for_future,3
S2_A5F728F4,pretest,5,LL,0,saving_for_future,3
S2_A5F728F4,pretest,6,LL,0,saving_for_future,3
S2_A5F728F4,pretest,7,LL,0,saving_for_future,3
S2_A5F728F4,posttest,1,LL,0,saving_for_future,3
S2_A5F728F4,posttest,2,LL,0,saving_for_future,3
S2_A5F728F4,posttest,3,SS,1,saving_for_future,3
S2_A5F728F4,posttest,4,SS,1,saving_for_future,3
S2_A5F728F4,posttest,5,LL,0,saving_for_future,3
S2_A5F728F4,posttest,6,LL,0,saving_for_future,3
S2_A5F728F4,posttest,7,LL,0,saving_for_future,3
S2_23EEB5F9,pretest,1,SS,1,immediate_consumption,2
S2_23EEB5F9,pretest,2,SS,1,immediate_consumption,2
S2_23EEB5F9,pretest,3,SS,1,immediate_consumption,2
S2_23EEB5F9,pretest,4,SS,1,immediate_consumption,2
S2_23EEB5F9,pretest,5,LL,0,saving_for_future,1
S2_23EEB5F9,pretest,6,LL,0,family_support,2
S2_23EEB5F9,pretest,7,LL,0,immediate_consumption,2
S2_23EEB5F9,posttest,1,SS,1,family_support,2
S2_23EEB5F9,posttest,2,SS,1,family_support,2
S2_23EEB5F9,posttest,3,SS,1,immediate_consumption,2
S2_23EEB5F9,posttest,4,LL,0,immediate_consumption,2
S2_23EEB5F9,posttest,5,LL,0,immediate_consumption,2
S2_23EEB5F9,posttest,6,LL,0,immediate_consumption,2
S2_23EEB5F9,posttest,7,LL,0,immediate_consumption,2
S2_8EABE1A9,pretest,1,LL,0,family_support,2
S2_8EABE1A9,pretest,2,LL,0,saving_for_future,3
S2_8EABE1A9,pretest,3,LL,0,learning_or_education,3
S2_8EABE1A9,pretest,4,LL,0,immediate_consumption,2
S2_8EABE1A9,pretest,5,LL,0,friends_or_gifts,2
S2_8EABE1A9,pretest,6,LL,0,family_support,2
S2_8EABE1A9,pretest,7,LL,0,learning_or_education,2
S2_8EABE1A9,posttest,1,LL,0,friends_or_gifts,2
S2_8EABE1A9,posttest,2,LL,0,family_support,2
S2_8EABE1A9,posttest,3,LL,0,saving_for_future,2
S2_8EABE1A9,posttest,4,LL,0,learning_or_education,2
S2_8EABE1A9,posttest,5,LL,0,immediate_consumption,2
S2_8EABE1A9,posttest,6,LL,0,friends_or_gifts,2
S2_8EABE1A9,posttest,7,LL,0,friends_or_gifts,2
S2_5C8B15FB,pretest,1,SS,1,saving_for_future,2
S2_5C8B15FB,pretest,2,SS,1,saving_for_future,3
S2_5C8B15FB,pretest,3,SS,1,saving_for_future,3
S2_5C8B15FB,pretest,4,LL,0,saving_for_future,3
S2_5C8B15FB,pretest,5,LL,0,saving_for_future,3
S2_5C8B15FB,pretest,6,LL,0,friends_or_gifts,3
S2_5C8B15FB,pretest,7,LL,0,friends_or_gifts,3
S2_5C8B15FB,posttest,1,SS,1,saving_for_future,3
S2_5C8B15FB,posttest,2,SS,1,saving_for_future,3
S2_5C8B15FB,posttest,3,SS,1,friends_or_gifts,2
S2_5C8B15FB,posttest,4,SS,1,saving_for_future,3
S2_5C8B15FB,posttest,5,LL,0,saving_for_future,3
S2_5C8B15FB,posttest,6,LL,0,family_support,3
S2_5C8B15FB,posttest,7,LL,0,saving_for_future,2
S2_B3C2C20F,pretest,1,SS,1,saving_for_future,2
S2_B3C2C20F,pretest,2,SS,1,immediate_consumption,2
S2_B3C2C20F,pretest,3,SS,1,saving_for_future,2
S2_B3C2C20F,pretest,4,LL,0,saving_for_future,3
S2_B3C2C20F,pretest,5,LL,0,saving_for_future,3
S2_B3C2C20F,pretest,6,LL,0,saving_for_future,3
S2_B3C2C20F,pretest,7,LL,0,saving_for_future,3
S2_B3C2C20F,posttest,1,SS,1,saving_for_future,2
S2_B3C2C20F,posttest,2,SS,1,saving_for_future,2
S2_B3C2C20F,posttest,3,LL,0,saving_for_future,2
S2_B3C2C20F,posttest,4,LL,0,saving_for_future,2
S2_B3C2C20F,posttest,5,LL,0,immediate_consumption,2
S2_B3C2C20F,posttest,6,LL,0,immediate_consumption,2
S2_B3C2C20F,posttest,7,LL,0,saving_for_future,2
S2_5A30325F,pretest,1,LL,0,saving_for_future,2
S2_5A30325F,pretest,2,SS,1,saving_for_future,2
S2_5A30325F,pretest,3,LL,0,saving_for_future,2
S2_5A30325F,pretest,4,LL,0,saving_for_future,2
S2_5A30325F,pretest,5,LL,0,saving_for_future,2
S2_5A30325F,pretest,6,LL,0,saving_for_future,2
S2_5A30325F,pretest,7,LL,0,saving_for_future,2
S2_5A30325F,posttest,1,SS,1,saving_for_future,2
S2_5A30325F,posttest,2,SS,1,saving_for_future,2
S2_5A30325F,posttest,3,LL,0,saving_for_future,2
S2_5A30325F,posttest,4,LL,0,saving_for_future,2
S2_5A30325F,posttest,5,LL,0,saving_for_future,2
S2_5A30325F,posttest,6,LL,0,saving_for_future,2
S2_5A30325F,posttest,7,LL,0,saving_for_future,2
S2_63F764AE,pretest,1,LL,0,saving_for_future,2
S2_63F764AE,pretest,2,LL,0,saving_for_future,2
S2_63F764AE,pretest,3,LL,0,saving_for_future,2
S2_63F764AE,pretest,4,LL,0,saving_for_future,2
S2_63F764AE,pretest,5,LL,0,saving_for_future,2
S2_63F764AE,pretest,6,LL,0,saving_for_future,2
S2_63F764AE,pretest,7,LL,0,saving_for_future,2
S2_63F764AE,posttest,1,LL,0,saving_for_future,2
S2_63F764AE,posttest,2,LL,0,saving_for_future,2
S2_63F764AE,posttest,3,LL,0,saving_for_future,2
S2_63F764AE,posttest,4,LL,0,saving_for_future,2
S2_63F764AE,posttest,5,LL,0,saving_for_future,2
S2_63F764AE,posttest,6,LL,0,family_support,2
S2_63F764AE,posttest,7,LL,0,saving_for_future,2
S2_2A193A5C,pretest,1,SS,1,saving_for_future,3
S2_2A193A5C,pretest,2,SS,1,saving_for_future,3
S2_2A193A5C,pretest,3,SS,1,saving_for_future,3
S2_2A193A5C,pretest,4,SS,1,saving_for_future,3
S2_2A193A5C,pretest,5,LL,0,saving_for_future,3
S2_2A193A5C,pretest,6,LL,0,saving_for_future,3
S2_2A193A5C,pretest,7,LL,0,saving_for_future,3
S2_2A193A5C,posttest,1,SS,1,saving_for_future,3
S2_2A193A5C,posttest,2,SS,1,saving_for_future,3
S2_2A193A5C,posttest,3,SS,1,saving_for_future,3
S2_2A193A5C,posttest,4,SS,1,saving_for_future,3
S2_2A193A5C,posttest,5,SS,1,saving_for_future,3
S2_2A193A5C,posttest,6,LL,0,saving_for_future,3
S2_2A193A5C,posttest,7,LL,0,saving_for_future,3
S2_BD099BA0,pretest,1,LL,0,saving_for_future,3
S2_BD099BA0,pretest,2,SS,1,family_support,3
S2_BD099BA0,pretest,3,LL,0,learning_or_education,2
S2_BD099BA0,pretest,4,SS,1,immediate_consumption,3
S2_BD099BA0,pretest,5,LL,0,friends_or_gifts,3
S2_BD099BA0,pretest,6,LL,0,family_support,3
S2_BD099BA0,pretest,7,LL,0,saving_for_future,3
S2_BD099BA0,posttest,1,SS,1,saving_for_future,3
S2_BD099BA0,posttest,2,SS,1,family_support,3
S2_BD099BA0,posttest,3,LL,0,learning_or_education,3
S2_BD099BA0,posttest,4,LL,0,immediate_consumption,3
S2_BD099BA0,posttest,5,LL,0,friends_or_gifts,3
S2_BD099BA0,posttest,6,SS,1,learning_or_education,3
S2_BD099BA0,posttest,7,LL,0,family_support,3
S2_378E79D2,pretest,1,SS,1,saving_for_future,2
S2_378E79D2,pretest,2,SS,1,saving_for_future,3
S2_378E79D2,pretest,3,SS,1,saving_for_future,3
S2_378E79D2,pretest,4,SS,1,saving_for_future,3
S2_378E79D2,pretest,5,SS,1,saving_for_future,3
S2_378E79D2,pretest,6,SS,1,saving_for_future,3
S2_378E79D2,pretest,7,SS,1,saving_for_future,3
S2_378E79D2,posttest,1,SS,1,saving_for_future,3
S2_378E79D2,posttest,2,SS,1,saving_for_future,3
S2_378E79D2,posttest,3,SS,1,saving_for_future,3
S2_378E79D2,posttest,4,SS,1,saving_for_future,3
S2_378E79D2,posttest,5,SS,1,saving_for_future,3
S2_378E79D2,posttest,6,SS,1,saving_for_future,3
S2_378E79D2,posttest,7,SS,1,saving_for_future,3
S2_4061A8CB,pretest,1,SS,1,saving_for_future,3
S2_4061A8CB,pretest,2,SS,1,saving_for_future,3
S2_4061A8CB,pretest,3,SS,1,saving_for_future,3
S2_4061A8CB,pretest,4,SS,1,saving_for_future,3
S2_4061A8CB,pretest,5,SS,1,saving_for_future,3
S2_4061A8CB,pretest,6,SS,1,saving_for_future,3
S2_4061A8CB,pretest,7,SS,1,saving_for_future,3
S2_4061A8CB,posttest,1,SS,1,saving_for_future,3
S2_4061A8CB,posttest,2,SS,1,saving_for_future,3
S2_4061A8CB,posttest,3,SS,1,saving_for_future,3
S2_4061A8CB,posttest,4,SS,1,saving_for_future,3
S2_4061A8CB,posttest,5,SS,1,saving_for_future,3
S2_4061A8CB,posttest,6,LL,0,saving_for_future,3
S2_4061A8CB,posttest,7,LL,0,saving_for_future,3
S2_94B5A285,pretest,1,SS,1,immediate_consumption,3
S2_94B5A285,pretest,2,SS,1,immediate_consumption,3
S2_94B5A285,pretest,3,SS,1,immediate_consumption,3
S2_94B5A285,pretest,4,LL,0,saving_for_future,2
S2_94B5A285,pretest,5,LL,0,immediate_consumption,3
S2_94B5A285,pretest,6,LL,0,saving_for_future,2
S2_94B5A285,pretest,7,LL,0,immediate_consumption,3
S2_94B5A285,posttest,1,SS,1,immediate_consumption,3
S2_94B5A285,posttest,2,SS,1,immediate_consumption,3
S2_94B5A285,posttest,3,SS,1,immediate_consumption,3
S2_94B5A285,posttest,4,LL,0,immediate_consumption,3
S2_94B5A285,posttest,5,LL,0,immediate_consumption,3
S2_94B5A285,posttest,6,LL,0,immediate_consumption,3
S2_94B5A285,posttest,7,LL,0,immediate_consumption,3
S2_0B746476,pretest,1,SS,1,saving_for_future,2
S2_0B746476,pretest,2,SS,1,saving_for_future,3
S2_0B746476,pretest,3,SS,1,saving_for_future,3
S2_0B746476,pretest,4,SS,1,saving_for_future,3
S2_0B746476,pretest,5,SS,1,saving_for_future,2
S2_0B746476,pretest,6,SS,1,saving_for_future,3
S2_0B746476,pretest,7,SS,1,saving_for_future,3
S2_0B746476,posttest,1,SS,1,saving_for_future,3
S2_0B746476,posttest,2,SS,1,saving_for_future,3
S2_0B746476,posttest,3,SS,1,saving_for_future,3
S2_0B746476,posttest,4,SS,1,saving_for_future,3
S2_0B746476,posttest,5,LL,0,saving_for_future,2
S2_0B746476,posttest,6,LL,0,saving_for_future,2
S2_0B746476,posttest,7,LL,0,saving_for_future,2
S2_E3A030D0,pretest,1,SS,1,saving_for_future,2
S2_E3A030D0,pretest,2,SS,1,saving_for_future,2
S2_E3A030D0,pretest,3,SS,1,saving_for_future,3
S2_E3A030D0,pretest,4,LL,0,saving_for_future,2
S2_E3A030D0,pretest,5,LL,0,saving_for_future,2
S2_E3A030D0,pretest,6,LL,0,family_support,2
S2_E3A030D0,pretest,7,LL,0,saving_for_future,2
S2_E3A030D0,posttest,1,SS,1,saving_for_future,2
S2_E3A030D0,posttest,2,SS,1,saving_for_future,2
S2_E3A030D0,posttest,3,SS,1,saving_for_future,2
S2_E3A030D0,posttest,4,LL,0,immediate_consumption,2
S2_E3A030D0,posttest,5,LL,0,friends_or_gifts,2
S2_E3A030D0,posttest,6,LL,0,friends_or_gifts,3
S2_E3A030D0,posttest,7,LL,0,saving_for_future,2
S2_913077A7,pretest,1,SS,1,saving_for_future,3
S2_913077A7,pretest,2,LL,0,saving_for_future,2
S2_913077A7,pretest,3,LL,0,saving_for_future,2
S2_913077A7,pretest,4,LL,0,saving_for_future,2
S2_913077A7,pretest,5,LL,0,saving_for_future,2
S2_913077A7,pretest,6,SS,1,saving_for_future,3
S2_913077A7,pretest,7,LL,0,immediate_consumption,3
S2_913077A7,posttest,1,LL,0,saving_for_future,2
S2_913077A7,posttest,2,LL,0,saving_for_future,3
S2_913077A7,posttest,3,LL,0,saving_for_future,3
S2_913077A7,posttest,4,LL,0,saving_for_future,3
S2_913077A7,posttest,5,LL,0,saving_for_future,3
S2_913077A7,posttest,6,LL,0,saving_for_future,3
S2_913077A7,posttest,7,LL,0,saving_for_future,3
S2_21D40236,pretest,1,SS,1,saving_for_future,3
S2_21D40236,pretest,2,SS,1,saving_for_future,3
S2_21D40236,pretest,3,LL,0,saving_for_future,3
S2_21D40236,pretest,4,LL,0,saving_for_future,3
S2_21D40236,pretest,5,LL,0,saving_for_future,3
S2_21D40236,pretest,6,LL,0,saving_for_future,3
S2_21D40236,pretest,7,LL,0,saving_for_future,3
S2_21D40236,posttest,1,SS,1,saving_for_future,3
S2_21D40236,posttest,2,SS,1,saving_for_future,3
S2_21D40236,posttest,3,SS,1,saving_for_future,3
S2_21D40236,posttest,4,LL,0,saving_for_future,3
S2_21D40236,posttest,5,LL,0,saving_for_future,3
S2_21D40236,posttest,6,LL,0,saving_for_future,3
S2_21D40236,posttest,7,LL,0,saving_for_future,3
S2_42E7A8D0,pretest,1,SS,1,friends_or_gifts,2
S2_42E7A8D0,pretest,2,SS,1,saving_for_future,2
S2_42E7A8D0,pretest,3,SS,1,friends_or_gifts,3
S2_42E7A8D0,pretest,4,SS,1,saving_for_future,2
S2_42E7A8D0,pretest,5,SS,1,saving_for_future,2
S2_42E7A8D0,pretest,6,LL,0,family_support,2
S2_42E7A8D0,pretest,7,LL,0,saving_for_future,2
S2_42E7A8D0,posttest,1,LL,0,family_support,2
S2_42E7A8D0,posttest,2,LL,0,saving_for_future,3
S2_42E7A8D0,posttest,3,LL,0,friends_or_gifts,2
S2_42E7A8D0,posttest,4,LL,0,family_support,2
S2_42E7A8D0,posttest,5,LL,0,saving_for_future,2
S2_42E7A8D0,posttest,6,LL,0,learning_or_education,3
S2_42E7A8D0,posttest,7,LL,0,family_support,3
S2_5DC65227,pretest,1,LL,0,saving_for_future,2
S2_5DC65227,pretest,2,LL,0,family_support,3
S2_5DC65227,pretest,3,LL,0,learning_or_education,2
S2_5DC65227,pretest,4,LL,0,saving_for_future,3
S2_5DC65227,pretest,5,LL,0,saving_for_future,3
S2_5DC65227,pretest,6,LL,0,saving_for_future,3
S2_5DC65227,pretest,7,LL,0,saving_for_future,3
S2_5DC65227,posttest,1,LL,0,saving_for_future,3
S2_5DC65227,posttest,2,LL,0,saving_for_future,3
S2_5DC65227,posttest,3,LL,0,saving_for_future,3
S2_5DC65227,posttest,4,LL,0,saving_for_future,3
S2_5DC65227,posttest,5,LL,0,saving_for_future,3
S2_5DC65227,posttest,6,LL,0,saving_for_future,3
S2_5DC65227,posttest,7,LL,0,saving_for_future,3
S2_F12CDF82,pretest,1,SS,1,saving_for_future,2
S2_F12CDF82,pretest,2,LL,0,saving_for_future,2
S2_F12CDF82,pretest,3,LL,0,saving_for_future,2
S2_F12CDF82,pretest,4,LL,0,family_support,3
S2_F12CDF82,pretest,5,SS,1,friends_or_gifts,1
S2_F12CDF82,pretest,6,SS,1,immediate_consumption,2
S2_F12CDF82,pretest,7,SS,1,saving_for_future,2
S2_F12CDF82,posttest,1,SS,1,saving_for_future,2
S2_F12CDF82,posttest,2,SS,1,saving_for_future,2
S2_F12CDF82,posttest,3,SS,1,saving_for_future,2
S2_F12CDF82,posttest,4,SS,1,saving_for_future,2
S2_F12CDF82,posttest,5,SS,1,saving_for_future,2
S2_F12CDF82,posttest,6,SS,1,saving_for_future,2
S2_F12CDF82,posttest,7,SS,1,saving_for_future,2
S2_154D7C0F,pretest,1,SS,1,saving_for_future,2
S2_154D7C0F,pretest,2,SS,1,saving_for_future,2
S2_154D7C0F,pretest,3,SS,1,saving_for_future,2
S2_154D7C0F,pretest,4,LL,0,saving_for_future,2
S2_154D7C0F,pretest,5,LL,0,saving_for_future,2
S2_154D7C0F,pretest,6,LL,0,saving_for_future,2
S2_154D7C0F,pretest,7,LL,0,saving_for_future,2
S2_154D7C0F,posttest,1,LL,0,family_support,2
S2_154D7C0F,posttest,2,LL,0,learning_or_education,2
S2_154D7C0F,posttest,3,LL,0,friends_or_gifts,2
S2_154D7C0F,posttest,4,LL,0,immediate_consumption,2
S2_154D7C0F,posttest,5,SS,1,immediate_consumption,2
S2_154D7C0F,posttest,6,SS,1,friends_or_gifts,2
S2_154D7C0F,posttest,7,LL,0,friends_or_gifts,2
S2_67BF8C12,pretest,1,SS,1,saving_for_future,2
S2_67BF8C12,pretest,2,SS,1,saving_for_future,2
S2_67BF8C12,pretest,3,SS,1,saving_for_future,2
S2_67BF8C12,pretest,4,SS,1,saving_for_future,2
S2_67BF8C12,pretest,5,SS,1,saving_for_future,2
S2_67BF8C12,pretest,6,SS,1,immediate_consumption,3
S2_67BF8C12,pretest,7,SS,1,saving_for_future,2
S2_67BF8C12,posttest,1,SS,1,saving_for_future,3
S2_67BF8C12,posttest,2,SS,1,learning_or_education,1
S2_67BF8C12,posttest,3,SS,1,friends_or_gifts,1
S2_67BF8C12,posttest,4,SS,1,immediate_consumption,2
S2_67BF8C12,posttest,5,SS,1,immediate_consumption,2
S2_67BF8C12,posttest,6,SS,1,saving_for_future,3
S2_67BF8C12,posttest,7,SS,1,saving_for_future,2
S2_FDE62EEA,pretest,1,SS,1,saving_for_future,3
S2_FDE62EEA,pretest,2,SS,1,saving_for_future,3
S2_FDE62EEA,pretest,3,SS,1,saving_for_future,3
S2_FDE62EEA,pretest,4,SS,1,saving_for_future,3
S2_FDE62EEA,pretest,5,SS,1,saving_for_future,3
S2_FDE62EEA,pretest,6,LL,0,saving_for_future,3
S2_FDE62EEA,pretest,7,LL,0,saving_for_future,3
S2_FDE62EEA,posttest,1,SS,1,saving_for_future,3
S2_FDE62EEA,posttest,2,SS,1,saving_for_future,3
S2_FDE62EEA,posttest,3,SS,1,saving_for_future,3
S2_FDE62EEA,posttest,4,SS,1,saving_for_future,3
S2_FDE62EEA,posttest,5,SS,1,saving_for_future,3
S2_FDE62EEA,posttest,6,LL,0,saving_for_future,3
S2_FDE62EEA,posttest,7,LL,0,saving_for_future,3
S2_4438A325,pretest,1,SS,1,family_support,2
S2_4438A325,pretest,2,SS,1,friends_or_gifts,2
S2_4438A325,pretest,3,LL,0,immediate_consumption,2
S2_4438A325,pretest,4,LL,0,learning_or_education,1
S2_4438A325,pretest,5,LL,0,saving_for_future,2
S2_4438A325,pretest,6,SS,1,family_support,2
S2_4438A325,pretest,7,LL,0,immediate_consumption,1
S2_4438A325,posttest,1,SS,1,family_support,2
S2_4438A325,posttest,2,SS,1,friends_or_gifts,2
S2_4438A325,posttest,3,SS,1,immediate_consumption,2
S2_4438A325,posttest,4,SS,1,learning_or_education,2
S2_4438A325,posttest,5,LL,0,saving_for_future,2
S2_4438A325,posttest,6,LL,0,immediate_consumption,2
S2_4438A325,posttest,7,LL,0,friends_or_gifts,2
S2_C6018251,pretest,1,SS,1,saving_for_future,2
S2_C6018251,pretest,2,SS,1,immediate_consumption,2
S2_C6018251,pretest,3,SS,1,immediate_consumption,2
S2_C6018251,pretest,4,SS,1,saving_for_future,2
S2_C6018251,pretest,5,SS,1,saving_for_future,2
S2_C6018251,pretest,6,LL,0,immediate_consumption,2
S2_C6018251,pretest,7,LL,0,immediate_consumption,2
S2_C6018251,posttest,1,SS,1,immediate_consumption,2
S2_C6018251,posttest,2,SS,1,immediate_consumption,2
S2_C6018251,posttest,3,SS,1,immediate_consumption,2
S2_C6018251,posttest,4,SS,1,immediate_consumption,2
S2_C6018251,posttest,5,SS,1,immediate_consumption,2
S2_C6018251,posttest,6,LL,0,immediate_consumption,2
S2_C6018251,posttest,7,LL,0,saving_for_future,2
S2_DFBD3968,pretest,1,SS,1,saving_for_future,3
S2_DFBD3968,pretest,2,SS,1,saving_for_future,3
S2_DFBD3968,pretest,3,LL,0,saving_for_future,2
S2_DFBD3968,pretest,4,LL,0,saving_for_future,3
S2_DFBD3968,pretest,5,LL,0,saving_for_future,3
S2_DFBD3968,pretest,6,LL,0,saving_for_future,3
S2_DFBD3968,pretest,7,LL,0,saving_for_future,3
S2_DFBD3968,posttest,1,SS,1,saving_for_future,3
S2_DFBD3968,posttest,2,SS,1,saving_for_future,3
S2_DFBD3968,posttest,3,LL,0,saving_for_future,3
S2_DFBD3968,posttest,4,LL,0,saving_for_future,2
S2_DFBD3968,posttest,5,LL,0,saving_for_future,3
S2_DFBD3968,posttest,6,LL,0,saving_for_future,3
S2_DFBD3968,posttest,7,LL,0,saving_for_future,3
S2_62E0CAB5,pretest,1,SS,1,learning_or_education,1
S2_62E0CAB5,pretest,2,SS,1,saving_for_future,2
S2_62E0CAB5,pretest,3,SS,1,family_support,3
S2_62E0CAB5,pretest,4,SS,1,saving_for_future,2
S2_62E0CAB5,pretest,5,SS,1,friends_or_gifts,3
S2_62E0CAB5,pretest,6,SS,1,saving_for_future,2
S2_62E0CAB5,pretest,7,SS,1,learning_or_education,2
S2_62E0CAB5,posttest,1,SS,1,saving_for_future,2
S2_62E0CAB5,posttest,2,SS,1,saving_for_future,2
S2_62E0CAB5,posttest,3,SS,1,saving_for_future,2
S2_62E0CAB5,posttest,4,SS,1,saving_for_future,3
S2_62E0CAB5,posttest,5,SS,1,saving_for_future,3
S2_62E0CAB5,posttest,6,SS,1,saving_for_future,3
S2_62E0CAB5,posttest,7,LL,0,family_support,2
S2_FFB77D34,pretest,1,LL,0,friends_or_gifts,2
S2_FFB77D34,pretest,2,SS,1,family_support,2
S2_FFB77D34,pretest,3,LL,0,family_support,2
S2_FFB77D34,pretest,4,LL,0,family_support,2
S2_FFB77D34,pretest,5,LL,0,family_support,2
S2_FFB77D34,pretest,6,SS,1,immediate_consumption,3
S2_FFB77D34,pretest,7,LL,0,learning_or_education,2
S2_FFB77D34,posttest,1,LL,0,saving_for_future,3
S2_FFB77D34,posttest,2,LL,0,saving_for_future,3
S2_FFB77D34,posttest,3,LL,0,saving_for_future,3
S2_FFB77D34,posttest,4,LL,0,saving_for_future,3
S2_FFB77D34,posttest,5,LL,0,saving_for_future,3
S2_FFB77D34,posttest,6,LL,0,saving_for_future,3
S2_FFB77D34,posttest,7,LL,0,saving_for_future,3
S2_02F9BF77,pretest,1,SS,1,saving_for_future,2
S2_02F9BF77,pretest,2,SS,1,learning_or_education,3
S2_02F9BF77,pretest,3,SS,1,family_support,3
S2_02F9BF77,pretest,4,LL,0,family_support,3
S2_02F9BF77,pretest,5,LL,0,family_support,2
S2_02F9BF77,pretest,6,LL,0,family_support,3
S2_02F9BF77,pretest,7,LL,0,learning_or_education,2
S2_02F9BF77,posttest,1,SS,1,friends_or_gifts,2
S2_02F9BF77,posttest,2,SS,1,learning_or_education,2
S2_02F9BF77,posttest,3,SS,1,family_support,3
S2_02F9BF77,posttest,4,SS,1,friends_or_gifts,2
S2_02F9BF77,posttest,5,LL,0,family_support,2
S2_02F9BF77,posttest,6,LL,0,immediate_consumption,3
S2_02F9BF77,posttest,7,LL,0,learning_or_education,3
S2_36A0E649,pretest,1,LL,0,saving_for_future,3
S2_36A0E649,pretest,2,LL,0,saving_for_future,3
S2_36A0E649,pretest,3,LL,0,saving_for_future,3
S2_36A0E649,pretest,4,LL,0,saving_for_future,3
S2_36A0E649,pretest,5,LL,0,saving_for_future,3
S2_36A0E649,pretest,6,LL,0,saving_for_future,3
S2_36A0E649,pretest,7,LL,0,saving_for_future,3
S2_36A0E649,posttest,1,LL,0,saving_for_future,3
S2_36A0E649,posttest,2,LL,0,saving_for_future,3
S2_36A0E649,posttest,3,LL,0,saving_for_future,3
S2_36A0E649,posttest,4,LL,0,saving_for_future,3
S2_36A0E649,posttest,5,LL,0,saving_for_future,3
S2_36A0E649,posttest,6,LL,0,saving_for_future,3
S2_36A0E649,posttest,7,LL,0,saving_for_future,3
S2_3085F3AD,pretest,1,LL,0,saving_for_future,2
S2_3085F3AD,pretest,2,LL,0,saving_for_future,2
S2_3085F3AD,pretest,3,LL,0,saving_for_future,2
S2_3085F3AD,pretest,4,LL,0,saving_for_future,2
S2_3085F3AD,pretest,5,LL,0,saving_for_future,2
S2_3085F3AD,pretest,6,LL,0,saving_for_future,3
S2_3085F3AD,pretest,7,LL,0,saving_for_future,3
S2_3085F3AD,posttest,1,LL,0,saving_for_future,2
S2_3085F3AD,posttest,2,LL,0,saving_for_future,2
S2_3085F3AD,posttest,3,LL,0,saving_for_future,2
S2_3085F3AD,posttest,4,LL,0,saving_for_future,2
S2_3085F3AD,posttest,5,LL,0,saving_for_future,3
S2_3085F3AD,posttest,6,LL,0,saving_for_future,3
S2_3085F3AD,posttest,7,LL,0,saving_for_future,3
S2_6ABA2180,pretest,1,SS,1,saving_for_future,3
S2_6ABA2180,pretest,2,SS,1,saving_for_future,3
S2_6ABA2180,pretest,3,SS,1,saving_for_future,3
S2_6ABA2180,pretest,4,LL,0,saving_for_future,3
S2_6ABA2180,pretest,5,LL,0,saving_for_future,3
S2_6ABA2180,pretest,6,LL,0,saving_for_future,3
S2_6ABA2180,pretest,7,LL,0,saving_for_future,3
S2_6ABA2180,posttest,1,SS,1,saving_for_future,3
S2_6ABA2180,posttest,2,SS,1,saving_for_future,3
S2_6ABA2180,posttest,3,SS,1,saving_for_future,3
S2_6ABA2180,posttest,4,SS,1,saving_for_future,3
S2_6ABA2180,posttest,5,LL,0,saving_for_future,3
S2_6ABA2180,posttest,6,LL,0,saving_for_future,3
S2_6ABA2180,posttest,7,LL,0,saving_for_future,3
S2_F3588512,pretest,1,SS,1,saving_for_future,3
S2_F3588512,pretest,2,SS,1,saving_for_future,3
S2_F3588512,pretest,3,SS,1,saving_for_future,3
S2_F3588512,pretest,4,SS,1,saving_for_future,3
S2_F3588512,pretest,5,LL,0,saving_for_future,3
S2_F3588512,pretest,6,LL,0,saving_for_future,3
S2_F3588512,pretest,7,LL,0,saving_for_future,3
S2_F3588512,posttest,1,SS,1,saving_for_future,3
S2_F3588512,posttest,2,SS,1,saving_for_future,3
S2_F3588512,posttest,3,SS,1,saving_for_future,3
S2_F3588512,posttest,4,SS,1,saving_for_future,3
S2_F3588512,posttest,5,SS,1,saving_for_future,3
S2_F3588512,posttest,6,LL,0,saving_for_future,3
S2_F3588512,posttest,7,LL,0,saving_for_future,3
S2_1FB252EC,pretest,1,LL,0,saving_for_future,3
S2_1FB252EC,pretest,2,LL,0,saving_for_future,3
S2_1FB252EC,pretest,3,LL,0,saving_for_future,3
S2_1FB252EC,pretest,4,LL,0,saving_for_future,3
S2_1FB252EC,pretest,5,LL,0,saving_for_future,3
S2_1FB252EC,pretest,6,LL,0,saving_for_future,3
S2_1FB252EC,pretest,7,LL,0,saving_for_future,3
S2_1FB252EC,posttest,1,LL,0,saving_for_future,3
S2_1FB252EC,posttest,2,LL,0,saving_for_future,3
S2_1FB252EC,posttest,3,LL,0,saving_for_future,3
S2_1FB252EC,posttest,4,LL,0,saving_for_future,3
S2_1FB252EC,posttest,5,LL,0,saving_for_future,3
S2_1FB252EC,posttest,6,LL,0,saving_for_future,3
S2_1FB252EC,posttest,7,LL,0,saving_for_future,3
S2_AC283F91,pretest,1,LL,0,saving_for_future,2
S2_AC283F91,pretest,2,LL,0,family_support,2
S2_AC283F91,pretest,3,LL,0,saving_for_future,2
S2_AC283F91,pretest,4,LL,0,immediate_consumption,2
S2_AC283F91,pretest,5,SS,1,immediate_consumption,3
S2_AC283F91,pretest,6,LL,0,friends_or_gifts,2
S2_AC283F91,pretest,7,SS,1,learning_or_education,2
S2_AC283F91,posttest,1,LL,0,immediate_consumption,2
S2_AC283F91,posttest,2,SS,1,family_support,2
S2_AC283F91,posttest,3,LL,0,friends_or_gifts,2
S2_AC283F91,posttest,4,SS,1,saving_for_future,1
S2_AC283F91,posttest,5,LL,0,learning_or_education,3
S2_AC283F91,posttest,6,LL,0,saving_for_future,2
S2_AC283F91,posttest,7,SS,1,saving_for_future,2
S2_9C8188B6,pretest,1,SS,1,saving_for_future,3
S2_9C8188B6,pretest,2,SS,1,family_support,3
S2_9C8188B6,pretest,3,SS,1,learning_or_education,3
S2_9C8188B6,pretest,4,SS,1,saving_for_future,3
S2_9C8188B6,pretest,5,SS,1,saving_for_future,3
S2_9C8188B6,pretest,6,SS,1,saving_for_future,3
S2_9C8188B6,pretest,7,SS,1,saving_for_future,3
S2_9C8188B6,posttest,1,LL,0,saving_for_future,3
S2_9C8188B6,posttest,2,LL,0,saving_for_future,3
S2_9C8188B6,posttest,3,SS,1,saving_for_future,3
S2_9C8188B6,posttest,4,LL,0,saving_for_future,3
S2_9C8188B6,posttest,5,SS,1,saving_for_future,3
S2_9C8188B6,posttest,6,SS,1,saving_for_future,3
S2_9C8188B6,posttest,7,SS,1,saving_for_future,3
S2_ED6CCDDD,pretest,1,SS,1,immediate_consumption,2
S2_ED6CCDDD,pretest,2,SS,1,learning_or_education,2
S2_ED6CCDDD,pretest,3,LL,0,saving_for_future,3
S2_ED6CCDDD,pretest,4,LL,0,immediate_consumption,3
S2_ED6CCDDD,pretest,5,LL,0,family_support,2
S2_ED6CCDDD,pretest,6,LL,0,saving_for_future,2
S2_ED6CCDDD,pretest,7,LL,0,saving_for_future,2
S2_ED6CCDDD,posttest,1,SS,1,saving_for_future,2
S2_ED6CCDDD,posttest,2,SS,1,saving_for_future,2
S2_ED6CCDDD,posttest,3,SS,1,saving_for_future,2
S2_ED6CCDDD,posttest,4,LL,0,immediate_consumption,3
S2_ED6CCDDD,posttest,5,LL,0,family_support,2
S2_ED6CCDDD,posttest,6,LL,0,immediate_consumption,2
S2_ED6CCDDD,posttest,7,LL,0,saving_for_future,2
S2_0847352F,pretest,1,SS,1,saving_for_future,3
S2_0847352F,pretest,2,SS,1,saving_for_future,2
S2_0847352F,pretest,3,LL,0,saving_for_future,3
S2_0847352F,pretest,4,LL,0,saving_for_future,3
S2_0847352F,pretest,5,LL,0,saving_for_future,3
S2_0847352F,pretest,6,LL,0,saving_for_future,3
S2_0847352F,pretest,7,LL,0,saving_for_future,3
S2_0847352F,posttest,1,SS,1,immediate_consumption,1
S2_0847352F,posttest,2,SS,1,saving_for_future,3
S2_0847352F,posttest,3,SS,1,saving_for_future,3
S2_0847352F,posttest,4,LL,0,saving_for_future,3
S2_0847352F,posttest,5,LL,0,saving_for_future,3
S2_0847352F,posttest,6,LL,0,saving_for_future,3
S2_0847352F,posttest,7,LL,0,saving_for_future,3
S2_EA618AF3,pretest,1,SS,1,immediate_consumption,2
S2_EA618AF3,pretest,2,SS,1,immediate_consumption,3
S2_EA618AF3,pretest,3,SS,1,immediate_consumption,2
S2_EA618AF3,pretest,4,SS,1,immediate_consumption,3
S2_EA618AF3,pretest,5,LL,0,immediate_consumption,3
S2_EA618AF3,pretest,6,LL,0,immediate_consumption,3
S2_EA618AF3,pretest,7,LL,0,friends_or_gifts,3
S2_EA618AF3,posttest,1,SS,1,immediate_consumption,3
S2_EA618AF3,posttest,2,SS,1,immediate_consumption,3
S2_EA618AF3,posttest,3,SS,1,friends_or_gifts,3
S2_EA618AF3,posttest,4,SS,1,friends_or_gifts,3
S2_EA618AF3,posttest,5,SS,1,immediate_consumption,3
S2_EA618AF3,posttest,6,LL,0,immediate_consumption,3
S2_EA618AF3,posttest,7,LL,0,saving_for_future,3
S2_DACF23C3,pretest,1,LL,0,saving_for_future,3
S2_DACF23C3,pretest,2,LL,0,saving_for_future,2
S2_DACF23C3,pretest,3,LL,0,saving_for_future,3
S2_DACF23C3,pretest,4,LL,0,saving_for_future,3
S2_DACF23C3,pretest,5,LL,0,saving_for_future,3
S2_DACF23C3,pretest,6,LL,0,saving_for_future,3
S2_DACF23C3,pretest,7,LL,0,friends_or_gifts,2
S2_DACF23C3,posttest,1,SS,1,saving_for_future,3
S2_DACF23C3,posttest,2,SS,1,saving_for_future,3
S2_DACF23C3,posttest,3,LL,0,saving_for_future,3
S2_DACF23C3,posttest,4,LL,0,immediate_consumption,2
S2_DACF23C3,posttest,5,LL,0,saving_for_future,3
S2_DACF23C3,posttest,6,LL,0,saving_for_future,3
S2_DACF23C3,posttest,7,LL,0,saving_for_future,3
S2_9A56148E,pretest,1,LL,0,saving_for_future,3
S2_9A56148E,pretest,2,LL,0,saving_for_future,3
S2_9A56148E,pretest,3,LL,0,saving_for_future,3
S2_9A56148E,pretest,4,LL,0,saving_for_future,3
S2_9A56148E,pretest,5,LL,0,saving_for_future,3
S2_9A56148E,pretest,6,LL,0,saving_for_future,3
S2_9A56148E,pretest,7,LL,0,saving_for_future,3
S2_9A56148E,posttest,1,LL,0,saving_for_future,2
S2_9A56148E,posttest,2,SS,1,saving_for_future,2
S2_9A56148E,posttest,3,LL,0,saving_for_future,3
S2_9A56148E,posttest,4,LL,0,saving_for_future,3
S2_9A56148E,posttest,5,LL,0,saving_for_future,3
S2_9A56148E,posttest,6,LL,0,saving_for_future,3
S2_9A56148E,posttest,7,LL,0,saving_for_future,2
S2_137715F8,pretest,1,SS,1,saving_for_future,3
S2_137715F8,pretest,2,SS,1,saving_for_future,3
S2_137715F8,pretest,3,LL,0,immediate_consumption,2
S2_137715F8,pretest,4,LL,0,family_support,2
S2_137715F8,pretest,5,LL,0,saving_for_future,3
S2_137715F8,pretest,6,LL,0,saving_for_future,3
S2_137715F8,pretest,7,LL,0,family_support,3
S2_137715F8,posttest,1,SS,1,saving_for_future,3
S2_137715F8,posttest,2,SS,1,saving_for_future,3
S2_137715F8,posttest,3,LL,0,family_support,2
S2_137715F8,posttest,4,SS,1,immediate_consumption,2
S2_137715F8,posttest,5,SS,1,saving_for_future,3
S2_137715F8,posttest,6,LL,0,family_support,3
S2_137715F8,posttest,7,LL,0,saving_for_future,3
S2_938ADC87,pretest,1,SS,1,friends_or_gifts,3
S2_938ADC87,pretest,2,SS,1,saving_for_future,2
S2_938ADC87,pretest,3,LL,0,saving_for_future,2
S2_938ADC87,pretest,4,LL,0,immediate_consumption,2
S2_938ADC87,pretest,5,LL,0,saving_for_future,2
S2_938ADC87,pretest,6,LL,0,immediate_consumption,3
S2_938ADC87,pretest,7,LL,0,friends_or_gifts,3
S2_938ADC87,posttest,1,SS,1,saving_for_future,2
S2_938ADC87,posttest,2,SS,1,immediate_consumption,2
S2_938ADC87,posttest,3,SS,1,friends_or_gifts,3
S2_938ADC87,posttest,4,LL,0,saving_for_future,2
S2_938ADC87,posttest,5,LL,0,friends_or_gifts,3
S2_938ADC87,posttest,6,LL,0,immediate_consumption,2
S2_938ADC87,posttest,7,LL,0,immediate_consumption,3
S2_87053C40,pretest,1,SS,1,saving_for_future,2
S2_87053C40,pretest,2,SS,1,saving_for_future,3
S2_87053C40,pretest,3,SS,1,saving_for_future,3
S2_87053C40,pretest,4,SS,1,saving_for_future,3
S2_87053C40,pretest,5,SS,1,immediate_consumption,2
S2_87053C40,pretest,6,LL,0,saving_for_future,2
S2_87053C40,pretest,7,LL,0,saving_for_future,2
S2_87053C40,posttest,1,SS,1,saving_for_future,3
S2_87053C40,posttest,2,SS,1,saving_for_future,3
S2_87053C40,posttest,3,SS,1,saving_for_future,3
S2_87053C40,posttest,4,SS,1,saving_for_future,3
S2_87053C40,posttest,5,SS,1,immediate_consumption,2
S2_87053C40,posttest,6,LL,0,saving_for_future,2
S2_87053C40,posttest,7,LL,0,saving_for_future,2
S2_8E415676,pretest,1,SS,1,family_support,3
S2_8E415676,pretest,2,LL,0,family_support,3
S2_8E415676,pretest,3,LL,0,family_support,3
S2_8E415676,pretest,4,LL,0,family_support,3
S2_8E415676,pretest,5,LL,0,saving_for_future,3
S2_8E415676,pretest,6,LL,0,saving_for_future,3
S2_8E415676,pretest,7,LL,0,learning_or_education,3
S2_8E415676,posttest,1,LL,0,saving_for_future,3
S2_8E415676,posttest,2,LL,0,family_support,3
S2_8E415676,posttest,3,LL,0,saving_for_future,3
S2_8E415676,posttest,4,LL,0,family_support,3
S2_8E415676,posttest,5,LL,0,saving_for_future,3
S2_8E415676,posttest,6,LL,0,learning_or_education,3
S2_8E415676,posttest,7,LL,0,learning_or_education,3
S2_80F1EB0C,pretest,1,LL,0,saving_for_future,2
S2_80F1EB0C,pretest,2,SS,1,saving_for_future,2
S2_80F1EB0C,pretest,3,LL,0,saving_for_future,2
S2_80F1EB0C,pretest,4,LL,0,saving_for_future,2
S2_80F1EB0C,pretest,5,LL,0,saving_for_future,2
S2_80F1EB0C,pretest,6,LL,0,saving_for_future,3
S2_80F1EB0C,pretest,7,LL,0,saving_for_future,3
S2_80F1EB0C,posttest,1,SS,1,saving_for_future,2
S2_80F1EB0C,posttest,2,SS,1,saving_for_future,2
S2_80F1EB0C,posttest,3,SS,1,saving_for_future,2
S2_80F1EB0C,posttest,4,LL,0,saving_for_future,2
S2_80F1EB0C,posttest,5,LL,0,saving_for_future,2
S2_80F1EB0C,posttest,6,LL,0,saving_for_future,2
S2_80F1EB0C,posttest,7,LL,0,saving_for_future,3
S2_59FAD319,pretest,1,LL,0,saving_for_future,3
S2_59FAD319,pretest,2,LL,0,learning_or_education,3
S2_59FAD319,pretest,3,LL,0,saving_for_future,3
S2_59FAD319,pretest,4,LL,0,saving_for_future,3
S2_59FAD319,pretest,5,LL,0,saving_for_future,3
S2_59FAD319,pretest,6,LL,0,saving_for_future,3
S2_59FAD319,pretest,7,LL,0,saving_for_future,3
S2_59FAD319,posttest,1,LL,0,saving_for_future,3
S2_59FAD319,posttest,2,LL,0,saving_for_future,3
S2_59FAD319,posttest,3,LL,0,saving_for_future,3
S2_59FAD319,posttest,4,LL,0,saving_for_future,3
S2_59FAD319,posttest,5,LL,0,saving_for_future,3
S2_59FAD319,posttest,6,LL,0,saving_for_future,3
S2_59FAD319,posttest,7,LL,0,saving_for_future,3
S2_5263FDAA,pretest,1,LL,0,friends_or_gifts,2
S2_5263FDAA,pretest,2,SS,1,friends_or_gifts,3
S2_5263FDAA,pretest,3,SS,1,friends_or_gifts,3
S2_5263FDAA,pretest,4,LL,0,friends_or_gifts,3
S2_5263FDAA,pretest,5,LL,0,friends_or_gifts,3
S2_5263FDAA,pretest,6,LL,0,friends_or_gifts,3
S2_5263FDAA,pretest,7,LL,0,friends_or_gifts,3
S2_5263FDAA,posttest,1,SS,1,family_support,2
S2_5263FDAA,posttest,2,SS,1,family_support,2
S2_5263FDAA,posttest,3,SS,1,family_support,3
S2_5263FDAA,posttest,4,SS,1,family_support,3
S2_5263FDAA,posttest,5,SS,1,family_support,2
S2_5263FDAA,posttest,6,SS,1,family_support,2
S2_5263FDAA,posttest,7,SS,1,family_support,2
S2_FC7F72C7,pretest,1,SS,1,saving_for_future,3
S2_FC7F72C7,pretest,2,SS,1,saving_for_future,3
S2_FC7F72C7,pretest,3,SS,1,saving_for_future,3
S2_FC7F72C7,pretest,4,SS,1,saving_for_future,3
S2_FC7F72C7,pretest,5,SS,1,saving_for_future,3
S2_FC7F72C7,pretest,6,SS,1,saving_for_future,3
S2_FC7F72C7,pretest,7,SS,1,saving_for_future,3
S2_FC7F72C7,posttest,1,SS,1,saving_for_future,3
S2_FC7F72C7,posttest,2,SS,1,saving_for_future,3
S2_FC7F72C7,posttest,3,SS,1,saving_for_future,3
S2_FC7F72C7,posttest,4,SS,1,saving_for_future,3
S2_FC7F72C7,posttest,5,SS,1,saving_for_future,3
S2_FC7F72C7,posttest,6,SS,1,saving_for_future,3
S2_FC7F72C7,posttest,7,SS,1,saving_for_future,3
S2_CF5CB36A,pretest,1,LL,0,learning_or_education,3
S2_CF5CB36A,pretest,2,LL,0,friends_or_gifts,3
S2_CF5CB36A,pretest,3,LL,0,saving_for_future,2
S2_CF5CB36A,pretest,4,LL,0,family_support,2
S2_CF5CB36A,pretest,5,LL,0,immediate_consumption,3
S2_CF5CB36A,pretest,6,LL,0,immediate_consumption,3
S2_CF5CB36A,pretest,7,LL,0,immediate_consumption,3
S2_CF5CB36A,posttest,1,SS,1,immediate_consumption,3
S2_CF5CB36A,posttest,2,SS,1,saving_for_future,2
S2_CF5CB36A,posttest,3,SS,1,saving_for_future,2
S2_CF5CB36A,posttest,4,LL,0,saving_for_future,2
S2_CF5CB36A,posttest,5,LL,0,friends_or_gifts,3
S2_CF5CB36A,posttest,6,LL,0,friends_or_gifts,3
S2_CF5CB36A,posttest,7,LL,0,immediate_consumption,3
S2_8164BA12,pretest,1,LL,0,saving_for_future,3
S2_8164BA12,pretest,2,SS,1,family_support,1
S2_8164BA12,pretest,3,LL,0,learning_or_education,1
S2_8164BA12,pretest,4,SS,1,friends_or_gifts,2
S2_8164BA12,pretest,5,LL,0,immediate_consumption,3
S2_8164BA12,pretest,6,LL,0,learning_or_education,1
S2_8164BA12,pretest,7,LL,0,immediate_consumption,2
S2_8164BA12,posttest,1,SS,1,saving_for_future,2
S2_8164BA12,posttest,2,SS,1,friends_or_gifts,3
S2_8164BA12,posttest,3,LL,0,friends_or_gifts,2
S2_8164BA12,posttest,4,SS,1,family_support,3
S2_8164BA12,posttest,5,LL,0,immediate_consumption,2
S2_8164BA12,posttest,6,LL,0,friends_or_gifts,2
S2_8164BA12,posttest,7,LL,0,immediate_consumption,1
S2_D5F9057F,pretest,1,LL,0,family_support,3
S2_D5F9057F,pretest,2,SS,1,saving_for_future,3
S2_D5F9057F,pretest,3,SS,1,immediate_consumption,3
S2_D5F9057F,pretest,4,SS,1,family_support,3
S2_D5F9057F,pretest,5,SS,1,family_support,3
S2_D5F9057F,pretest,6,SS,1,family_support,3
S2_D5F9057F,pretest,7,LL,0,family_support,3
S2_D5F9057F,posttest,1,SS,1,family_support,3
S2_D5F9057F,posttest,2,SS,1,family_support,3
S2_D5F9057F,posttest,3,SS,1,family_support,3
S2_D5F9057F,posttest,4,SS,1,family_support,3
S2_D5F9057F,posttest,5,SS,1,family_support,3
S2_D5F9057F,posttest,6,SS,1,family_support,3
S2_D5F9057F,posttest,7,SS,1,family_support,3
S2_A9E73703,pretest,1,SS,1,saving_for_future,2
S2_A9E73703,pretest,2,SS,1,friends_or_gifts,2
S2_A9E73703,pretest,3,SS,1,saving_for_future,2
S2_A9E73703,pretest,4,LL,0,immediate_consumption,2
S2_A9E73703,pretest,5,LL,0,saving_for_future,2
S2_A9E73703,pretest,6,LL,0,immediate_consumption,2
S2_A9E73703,pretest,7,LL,0,saving_for_future,2
S2_A9E73703,posttest,1,SS,1,saving_for_future,2
S2_A9E73703,posttest,2,LL,0,saving_for_future,2
S2_A9E73703,posttest,3,SS,1,immediate_consumption,2
S2_A9E73703,posttest,4,LL,0,saving_for_future,2
S2_A9E73703,posttest,5,LL,0,saving_for_future,2
S2_A9E73703,posttest,6,LL,0,immediate_consumption,2
S2_A9E73703,posttest,7,LL,0,immediate_consumption,2
S2_04E985DF,pretest,1,SS,1,saving_for_future,3
S2_04E985DF,pretest,2,SS,1,saving_for_future,3
S2_04E985DF,pretest,3,LL,0,saving_for_future,3
S2_04E985DF,pretest,4,LL,0,family_support,3
S2_04E985DF,pretest,5,LL,0,learning_or_education,3
S2_04E985DF,pretest,6,LL,0,family_support,3
S2_04E985DF,pretest,7,LL,0,friends_or_gifts,3
S2_04E985DF,posttest,1,SS,1,saving_for_future,3
S2_04E985DF,posttest,2,SS,1,saving_for_future,3
S2_04E985DF,posttest,3,SS,1,saving_for_future,3
S2_04E985DF,posttest,4,LL,0,family_support,3
S2_04E985DF,posttest,5,LL,0,friends_or_gifts,3
S2_04E985DF,posttest,6,LL,0,saving_for_future,2
S2_04E985DF,posttest,7,LL,0,friends_or_gifts,3
S2_1A9DB96F,pretest,1,LL,0,saving_for_future,3
S2_1A9DB96F,pretest,2,SS,1,family_support,3
S2_1A9DB96F,pretest,3,LL,0,saving_for_future,2
S2_1A9DB96F,pretest,4,LL,0,learning_or_education,2
S2_1A9DB96F,pretest,5,LL,0,family_support,2
S2_1A9DB96F,pretest,6,LL,0,saving_for_future,3
S2_1A9DB96F,pretest,7,LL,0,saving_for_future,3
S2_1A9DB96F,posttest,1,SS,1,saving_for_future,3
S2_1A9DB96F,posttest,2,SS,1,saving_for_future,3
S2_1A9DB96F,posttest,3,LL,0,saving_for_future,3
S2_1A9DB96F,posttest,4,LL,0,saving_for_future,3
S2_1A9DB96F,posttest,5,LL,0,family_support,3
S2_1A9DB96F,posttest,6,LL,0,saving_for_future,3
S2_1A9DB96F,posttest,7,LL,0,immediate_consumption,3
S2_8D59FBF3,pretest,1,SS,1,immediate_consumption,3
S2_8D59FBF3,pretest,2,SS,1,immediate_consumption,3
S2_8D59FBF3,pretest,3,SS,1,immediate_consumption,3
S2_8D59FBF3,pretest,4,SS,1,immediate_consumption,3
S2_8D59FBF3,pretest,5,LL,0,immediate_consumption,3
S2_8D59FBF3,pretest,6,LL,0,immediate_consumption,2
S2_8D59FBF3,pretest,7,LL,0,immediate_consumption,2
S2_8D59FBF3,posttest,1,SS,1,immediate_consumption,3
S2_8D59FBF3,posttest,2,SS,1,immediate_consumption,3
S2_8D59FBF3,posttest,3,SS,1,immediate_consumption,3
S2_8D59FBF3,posttest,4,SS,1,immediate_consumption,3
S2_8D59FBF3,posttest,5,SS,1,immediate_consumption,3
S2_8D59FBF3,posttest,6,LL,0,immediate_consumption,3
S2_8D59FBF3,posttest,7,LL,0,immediate_consumption,2
S2_64565770,pretest,1,SS,1,immediate_consumption,3
S2_64565770,pretest,2,SS,1,friends_or_gifts,3
S2_64565770,pretest,3,SS,1,immediate_consumption,2
S2_64565770,pretest,4,SS,1,friends_or_gifts,3
S2_64565770,pretest,5,LL,0,immediate_consumption,3
S2_64565770,pretest,6,LL,0,immediate_consumption,3
S2_64565770,pretest,7,LL,0,immediate_consumption,3
S2_64565770,posttest,1,SS,1,immediate_consumption,3
S2_64565770,posttest,2,SS,1,immediate_consumption,3
S2_64565770,posttest,3,SS,1,immediate_consumption,3
S2_64565770,posttest,4,SS,1,immediate_consumption,3
S2_64565770,posttest,5,SS,1,immediate_consumption,3
S2_64565770,posttest,6,LL,0,immediate_consumption,3
S2_64565770,posttest,7,LL,0,immediate_consumption,3
S2_EA7E5FE7,pretest,1,SS,1,saving_for_future,2
S2_EA7E5FE7,pretest,2,SS,1,friends_or_gifts,2
S2_EA7E5FE7,pretest,3,SS,1,family_support,2
S2_EA7E5FE7,pretest,4,LL,0,friends_or_gifts,2
S2_EA7E5FE7,pretest,5,SS,1,learning_or_education,1
S2_EA7E5FE7,pretest,6,LL,0,saving_for_future,2
S2_EA7E5FE7,pretest,7,LL,0,saving_for_future,2
S2_EA7E5FE7,posttest,1,SS,1,saving_for_future,3
S2_EA7E5FE7,posttest,2,SS,1,friends_or_gifts,2
S2_EA7E5FE7,posttest,3,SS,1,saving_for_future,2
S2_EA7E5FE7,posttest,4,SS,1,family_support,2
S2_EA7E5FE7,posttest,5,LL,0,saving_for_future,3
S2_EA7E5FE7,posttest,6,LL,0,friends_or_gifts,2
S2_EA7E5FE7,posttest,7,SS,1,saving_for_future,2
S2_41F78F50,pretest,1,LL,0,saving_for_future,3
S2_41F78F50,pretest,2,LL,0,saving_for_future,3
S2_41F78F50,pretest,3,LL,0,saving_for_future,3
S2_41F78F50,pretest,4,LL,0,saving_for_future,3
S2_41F78F50,pretest,5,LL,0,saving_for_future,2
S2_41F78F50,pretest,6,LL,0,saving_for_future,3
S2_41F78F50,pretest,7,LL,0,saving_for_future,3
S2_41F78F50,posttest,1,LL,0,saving_for_future,3
S2_41F78F50,posttest,2,LL,0,saving_for_future,3
S2_41F78F50,posttest,3,LL,0,saving_for_future,3
S2_41F78F50,posttest,4,LL,0,learning_or_education,3
S2_41F78F50,posttest,5,LL,0,saving_for_future,3
S2_41F78F50,posttest,6,LL,0,saving_for_future,3
S2_41F78F50,posttest,7,LL,0,saving_for_future,3
S2_DC977619,pretest,1,LL,0,saving_for_future,2
S2_DC977619,pretest,2,LL,0,saving_for_future,2
S2_DC977619,pretest,3,LL,0,saving_for_future,3
S2_DC977619,pretest,4,LL,0,saving_for_future,2
S2_DC977619,pretest,5,LL,0,saving_for_future,3
S2_DC977619,pretest,6,LL,0,saving_for_future,3
S2_DC977619,pretest,7,LL,0,saving_for_future,3
S2_DC977619,posttest,1,LL,0,saving_for_future,3
S2_DC977619,posttest,2,LL,0,saving_for_future,3
S2_DC977619,posttest,3,LL,0,saving_for_future,3
S2_DC977619,posttest,4,LL,0,saving_for_future,3
S2_DC977619,posttest,5,LL,0,saving_for_future,3
S2_DC977619,posttest,6,LL,0,saving_for_future,3
S2_DC977619,posttest,7,LL,0,saving_for_future,3
S2_CBD205CB,pretest,1,SS,1,saving_for_future,2
S2_CBD205CB,pretest,2,SS,1,saving_for_future,1
S2_CBD205CB,pretest,3,SS,1,immediate_consumption,2
S2_CBD205CB,pretest,4,SS,1,family_support,2
S2_CBD205CB,pretest,5,LL,0,saving_for_future,2
S2_CBD205CB,pretest,6,LL,0,saving_for_future,2
S2_CBD205CB,pretest,7,LL,0,friends_or_gifts,2
S2_CBD205CB,posttest,1,SS,1,saving_for_future,3
S2_CBD205CB,posttest,2,SS,1,saving_for_future,3
S2_CBD205CB,posttest,3,SS,1,immediate_consumption,3
S2_CBD205CB,posttest,4,SS,1,saving_for_future,2
S2_CBD205CB,posttest,5,SS,1,immediate_consumption,2
S2_CBD205CB,posttest,6,LL,0,saving_for_future,3
S2_CBD205CB,posttest,7,LL,0,family_support,2
S2_4925A1B4,pretest,1,SS,1,learning_or_education,3
S2_4925A1B4,pretest,2,SS,1,learning_or_education,3
S2_4925A1B4,pretest,3,SS,1,saving_for_future,3
S2_4925A1B4,pretest,4,SS,1,learning_or_education,1
S2_4925A1B4,pretest,5,SS,1,saving_for_future,1
S2_4925A1B4,pretest,6,SS,1,learning_or_education,1
S2_4925A1B4,pretest,7,SS,1,saving_for_future,1
S2_4925A1B4,posttest,1,SS,1,saving_for_future,1
S2_4925A1B4,posttest,2,SS,1,saving_for_future,1
S2_4925A1B4,posttest,3,SS,1,saving_for_future,1
S2_4925A1B4,posttest,4,SS,1,saving_for_future,1
S2_4925A1B4,posttest,5,SS,1,saving_for_future,1
S2_4925A1B4,posttest,6,SS,1,saving_for_future,3
S2_4925A1B4,posttest,7,SS,1,saving_for_future,1
S2_AD364595,pretest,1,SS,1,saving_for_future,3
S2_AD364595,pretest,2,SS,1,saving_for_future,3
S2_AD364595,pretest,3,LL,0,saving_for_future,3
S2_AD364595,pretest,4,SS,1,saving_for_future,3
S2_AD364595,pretest,5,LL,0,saving_for_future,3
S2_AD364595,pretest,6,LL,0,saving_for_future,3
S2_AD364595,pretest,7,LL,0,saving_for_future,3
S2_AD364595,posttest,1,SS,1,saving_for_future,3
S2_AD364595,posttest,2,SS,1,saving_for_future,3
S2_AD364595,posttest,3,LL,0,saving_for_future,3
S2_AD364595,posttest,4,SS,1,saving_for_future,3
S2_AD364595,posttest,5,LL,0,saving_for_future,3
S2_AD364595,posttest,6,LL,0,saving_for_future,3
S2_AD364595,posttest,7,LL,0,saving_for_future,3
S2_6475AEE2,pretest,1,SS,1,saving_for_future,3
S2_6475AEE2,pretest,2,SS,1,saving_for_future,3
S2_6475AEE2,pretest,3,SS,1,saving_for_future,2
S2_6475AEE2,pretest,4,SS,1,saving_for_future,2
S2_6475AEE2,pretest,5,LL,0,saving_for_future,2
S2_6475AEE2,pretest,6,LL,0,saving_for_future,3
S2_6475AEE2,pretest,7,LL,0,saving_for_future,3
S2_6475AEE2,posttest,1,SS,1,saving_for_future,3
S2_6475AEE2,posttest,2,SS,1,saving_for_future,3
S2_6475AEE2,posttest,3,SS,1,saving_for_future,3
S2_6475AEE2,posttest,4,LL,0,saving_for_future,3
S2_6475AEE2,posttest,5,LL,0,saving_for_future,3
S2_6475AEE2,posttest,6,LL,0,saving_for_future,3
S2_6475AEE2,posttest,7,LL,0,saving_for_future,3
S2_AFC21615,pretest,1,SS,1,saving_for_future,3
S2_AFC21615,pretest,2,SS,1,immediate_consumption,3
S2_AFC21615,pretest,3,LL,0,saving_for_future,3
S2_AFC21615,pretest,4,SS,1,saving_for_future,3
S2_AFC21615,pretest,5,LL,0,friends_or_gifts,3
S2_AFC21615,pretest,6,LL,0,saving_for_future,3
S2_AFC21615,pretest,7,LL,0,immediate_consumption,3
S2_AFC21615,posttest,1,SS,1,saving_for_future,2
S2_AFC21615,posttest,2,SS,1,immediate_consumption,3
S2_AFC21615,posttest,3,LL,0,immediate_consumption,3
S2_AFC21615,posttest,4,LL,0,immediate_consumption,3
S2_AFC21615,posttest,5,LL,0,friends_or_gifts,3
S2_AFC21615,posttest,6,LL,0,immediate_consumption,3
S2_AFC21615,posttest,7,LL,0,immediate_consumption,3
S2_2F317210,pretest,1,LL,0,saving_for_future,2
S2_2F317210,pretest,2,LL,0,immediate_consumption,2
S2_2F317210,pretest,3,LL,0,saving_for_future,2
S2_2F317210,pretest,4,LL,0,immediate_consumption,3
S2_2F317210,pretest,5,LL,0,immediate_consumption,2
S2_2F317210,pretest,6,LL,0,saving_for_future,2
S2_2F317210,pretest,7,LL,0,friends_or_gifts,2
S2_2F317210,posttest,1,LL,0,saving_for_future,2
S2_2F317210,posttest,2,LL,0,friends_or_gifts,2
S2_2F317210,posttest,3,SS,1,family_support,2
S2_2F317210,posttest,4,LL,0,saving_for_future,2
S2_2F317210,posttest,5,LL,0,saving_for_future,3
S2_2F317210,posttest,6,SS,1,immediate_consumption,2
S2_2F317210,posttest,7,LL,0,saving_for_future,2
S2_28293B64,pretest,1,SS,1,immediate_consumption,2
S2_28293B64,pretest,2,SS,1,friends_or_gifts,2
S2_28293B64,pretest,3,SS,1,friends_or_gifts,2
S2_28293B64,pretest,4,SS,1,immediate_consumption,2
S2_28293B64,pretest,5,LL,0,immediate_consumption,2
S2_28293B64,pretest,6,LL,0,saving_for_future,2
S2_28293B64,pretest,7,LL,0,immediate_consumption,3
S2_28293B64,posttest,1,SS,1,immediate_consumption,2
S2_28293B64,posttest,2,SS,1,immediate_consumption,3
S2_28293B64,posttest,3,SS,1,friends_or_gifts,3
S2_28293B64,posttest,4,SS,1,immediate_consumption,3
S2_28293B64,posttest,5,LL,0,friends_or_gifts,3
S2_28293B64,posttest,6,LL,0,immediate_consumption,3
S2_28293B64,posttest,7,LL,0,immediate_consumption,3
S2_62EB8F08,pretest,1,LL,0,saving_for_future,3
S2_62EB8F08,pretest,2,LL,0,saving_for_future,3
S2_62EB8F08,pretest,3,LL,0,saving_for_future,3
S2_62EB8F08,pretest,4,LL,0,saving_for_future,3
S2_62EB8F08,pretest,5,LL,0,saving_for_future,3
S2_62EB8F08,pretest,6,LL,0,saving_for_future,3
S2_62EB8F08,pretest,7,LL,0,saving_for_future,3
S2_62EB8F08,posttest,1,LL,0,immediate_consumption,3
S2_62EB8F08,posttest,2,LL,0,immediate_consumption,3
S2_62EB8F08,posttest,3,LL,0,immediate_consumption,3
S2_62EB8F08,posttest,4,LL,0,immediate_consumption,3
S2_62EB8F08,posttest,5,LL,0,immediate_consumption,3
S2_62EB8F08,posttest,6,LL,0,immediate_consumption,3
S2_62EB8F08,posttest,7,LL,0,saving_for_future,1
S2_217BBB51,pretest,1,SS,1,saving_for_future,3
S2_217BBB51,pretest,2,SS,1,saving_for_future,3
S2_217BBB51,pretest,3,SS,1,saving_for_future,3
S2_217BBB51,pretest,4,SS,1,saving_for_future,3
S2_217BBB51,pretest,5,SS,1,saving_for_future,3
S2_217BBB51,pretest,6,LL,0,saving_for_future,3
S2_217BBB51,pretest,7,LL,0,saving_for_future,3
S2_217BBB51,posttest,1,SS,1,saving_for_future,3
S2_217BBB51,posttest,2,SS,1,saving_for_future,3
S2_217BBB51,posttest,3,SS,1,saving_for_future,3
S2_217BBB51,posttest,4,LL,0,saving_for_future,3
S2_217BBB51,posttest,5,LL,0,saving_for_future,3
S2_217BBB51,posttest,6,LL,0,saving_for_future,3
S2_217BBB51,posttest,7,LL,0,saving_for_future,3
S2_3FB7D604,pretest,1,LL,0,friends_or_gifts,3
S2_3FB7D604,pretest,2,SS,1,learning_or_education,3
S2_3FB7D604,pretest,3,LL,0,family_support,2
S2_3FB7D604,pretest,4,LL,0,friends_or_gifts,3
S2_3FB7D604,pretest,5,LL,0,learning_or_education,3
S2_3FB7D604,pretest,6,LL,0,saving_for_future,2
S2_3FB7D604,pretest,7,LL,0,family_support,3
S2_3FB7D604,posttest,1,SS,1,friends_or_gifts,3
S2_3FB7D604,posttest,2,SS,1,friends_or_gifts,3
S2_3FB7D604,posttest,3,LL,0,learning_or_education,3
S2_3FB7D604,posttest,4,LL,0,learning_or_education,3
S2_3FB7D604,posttest,5,LL,0,friends_or_gifts,3
S2_3FB7D604,posttest,6,LL,0,family_support,2
S2_3FB7D604,posttest,7,LL,0,friends_or_gifts,3
S2_0D9452DD,pretest,1,SS,1,friends_or_gifts,2
S2_0D9452DD,pretest,2,SS,1,friends_or_gifts,3
S2_0D9452DD,pretest,3,LL,0,saving_for_future,3
S2_0D9452DD,pretest,4,LL,0,saving_for_future,3
S2_0D9452DD,pretest,5,LL,0,saving_for_future,3
S2_0D9452DD,pretest,6,LL,0,saving_for_future,3
S2_0D9452DD,pretest,7,LL,0,saving_for_future,3
S2_0D9452DD,posttest,1,SS,1,saving_for_future,3
S2_0D9452DD,posttest,2,SS,1,friends_or_gifts,3
S2_0D9452DD,posttest,3,SS,1,family_support,3
S2_0D9452DD,posttest,4,SS,1,family_support,3
S2_0D9452DD,posttest,5,SS,1,family_support,3
S2_0D9452DD,posttest,6,SS,1,family_support,3
S2_0D9452DD,posttest,7,SS,1,saving_for_future,3
S2_1B00EC3D,pretest,1,SS,1,saving_for_future,3
S2_1B00EC3D,pretest,2,SS,1,saving_for_future,3
S2_1B00EC3D,pretest,3,SS,1,saving_for_future,3
S2_1B00EC3D,pretest,4,SS,1,saving_for_future,3
S2_1B00EC3D,pretest,5,LL,0,saving_for_future,3
S2_1B00EC3D,pretest,6,LL,0,saving_for_future,3
S2_1B00EC3D,pretest,7,LL,0,saving_for_future,3
S2_1B00EC3D,posttest,1,SS,1,saving_for_future,3
S2_1B00EC3D,posttest,2,SS,1,saving_for_future,3
S2_1B00EC3D,posttest,3,SS,1,saving_for_future,3
S2_1B00EC3D,posttest,4,SS,1,saving_for_future,3
S2_1B00EC3D,posttest,5,LL,0,saving_for_future,3
S2_1B00EC3D,posttest,6,LL,0,saving_for_future,3
S2_1B00EC3D,posttest,7,LL,0,saving_for_future,3
S2_B7A64593,pretest,1,SS,1,saving_for_future,3
S2_B7A64593,pretest,2,SS,1,saving_for_future,3
S2_B7A64593,pretest,3,LL,0,saving_for_future,3
S2_B7A64593,pretest,4,LL,0,saving_for_future,3
S2_B7A64593,pretest,5,LL,0,saving_for_future,3
S2_B7A64593,pretest,6,LL,0,saving_for_future,3
S2_B7A64593,pretest,7,LL,0,saving_for_future,3
S2_B7A64593,posttest,1,SS,1,saving_for_future,3
S2_B7A64593,posttest,2,SS,1,saving_for_future,3
S2_B7A64593,posttest,3,SS,1,saving_for_future,3
S2_B7A64593,posttest,4,LL,0,saving_for_future,3
S2_B7A64593,posttest,5,LL,0,saving_for_future,3
S2_B7A64593,posttest,6,LL,0,saving_for_future,3
S2_B7A64593,posttest,7,LL,0,saving_for_future,3
S2_F6FA2F1D,pretest,1,SS,1,immediate_consumption,2
S2_F6FA2F1D,pretest,2,SS,1,saving_for_future,2
S2_F6FA2F1D,pretest,3,SS,1,friends_or_gifts,2
S2_F6FA2F1D,pretest,4,SS,1,saving_for_future,2
S2_F6FA2F1D,pretest,5,LL,0,family_support,2
S2_F6FA2F1D,pretest,6,LL,0,saving_for_future,2
S2_F6FA2F1D,pretest,7,LL,0,friends_or_gifts,2
S2_F6FA2F1D,posttest,1,SS,1,immediate_consumption,3
S2_F6FA2F1D,posttest,2,SS,1,friends_or_gifts,2
S2_F6FA2F1D,posttest,3,SS,1,family_support,2
S2_F6FA2F1D,posttest,4,SS,1,saving_for_future,2
S2_F6FA2F1D,posttest,5,LL,0,saving_for_future,1
S2_F6FA2F1D,posttest,6,LL,0,saving_for_future,2
S2_F6FA2F1D,posttest,7,LL,0,immediate_consumption,3
S2_E6FF90DA,pretest,1,LL,0,saving_for_future,3
S2_E6FF90DA,pretest,2,LL,0,saving_for_future,3
S2_E6FF90DA,pretest,3,LL,0,family_support,3
S2_E6FF90DA,pretest,4,LL,0,family_support,3
S2_E6FF90DA,pretest,5,LL,0,family_support,3
S2_E6FF90DA,pretest,6,LL,0,friends_or_gifts,3
S2_E6FF90DA,pretest,7,LL,0,saving_for_future,3
S2_E6FF90DA,posttest,1,LL,0,saving_for_future,3
S2_E6FF90DA,posttest,2,LL,0,saving_for_future,3
S2_E6FF90DA,posttest,3,SS,1,saving_for_future,3
S2_E6FF90DA,posttest,4,LL,0,saving_for_future,3
S2_E6FF90DA,posttest,5,LL,0,family_support,3
S2_E6FF90DA,posttest,6,LL,0,family_support,3
S2_E6FF90DA,posttest,7,LL,0,family_support,3
S2_340D9F23,pretest,1,LL,0,saving_for_future,2
S2_340D9F23,pretest,2,LL,0,saving_for_future,2
S2_340D9F23,pretest,3,LL,0,saving_for_future,2
S2_340D9F23,pretest,4,LL,0,saving_for_future,2
S2_340D9F23,pretest,5,LL,0,saving_for_future,2
S2_340D9F23,pretest,6,LL,0,friends_or_gifts,2
S2_340D9F23,pretest,7,LL,0,saving_for_future,2
S2_340D9F23,posttest,1,LL,0,saving_for_future,2
S2_340D9F23,posttest,2,LL,0,saving_for_future,2
S2_340D9F23,posttest,3,LL,0,saving_for_future,2
S2_340D9F23,posttest,4,LL,0,saving_for_future,2
S2_340D9F23,posttest,5,LL,0,saving_for_future,2
S2_340D9F23,posttest,6,LL,0,saving_for_future,2
S2_340D9F23,posttest,7,LL,0,saving_for_future,2
S2_F9F1D307,pretest,1,SS,1,saving_for_future,2
S2_F9F1D307,pretest,2,LL,0,saving_for_future,3
S2_F9F1D307,pretest,3,LL,0,saving_for_future,3
S2_F9F1D307,pretest,4,LL,0,friends_or_gifts,2
S2_F9F1D307,pretest,5,LL,0,family_support,2
S2_F9F1D307,pretest,6,LL,0,learning_or_education,2
S2_F9F1D307,pretest,7,LL,0,learning_or_education,2
S2_F9F1D307,posttest,1,LL,0,saving_for_future,3
S2_F9F1D307,posttest,2,LL,0,saving_for_future,3
S2_F9F1D307,posttest,3,LL,0,saving_for_future,3
S2_F9F1D307,posttest,4,LL,0,saving_for_future,3
S2_F9F1D307,posttest,5,LL,0,saving_for_future,3
S2_F9F1D307,posttest,6,LL,0,saving_for_future,3
S2_F9F1D307,posttest,7,LL,0,saving_for_future,3
S2_1868D411,pretest,1,SS,1,family_support,3
S2_1868D411,pretest,2,SS,1,saving_for_future,3
S2_1868D411,pretest,3,LL,0,saving_for_future,3
S2_1868D411,pretest,4,LL,0,family_support,3
S2_1868D411,pretest,5,LL,0,family_support,3
S2_1868D411,pretest,6,LL,0,saving_for_future,3
S2_1868D411,pretest,7,LL,0,friends_or_gifts,2
S2_1868D411,posttest,1,LL,0,friends_or_gifts,3
S2_1868D411,posttest,2,SS,1,family_support,3
S2_1868D411,posttest,3,SS,1,learning_or_education,2
S2_1868D411,posttest,4,LL,0,family_support,3
S2_1868D411,posttest,5,LL,0,saving_for_future,3
S2_1868D411,posttest,6,LL,0,family_support,3
S2_1868D411,posttest,7,LL,0,saving_for_future,3
S2_6B2ED5E7,pretest,1,LL,0,saving_for_future,3
S2_6B2ED5E7,pretest,2,LL,0,saving_for_future,3
S2_6B2ED5E7,pretest,3,LL,0,saving_for_future,3
S2_6B2ED5E7,pretest,4,LL,0,saving_for_future,2
S2_6B2ED5E7,pretest,5,LL,0,learning_or_education,3
S2_6B2ED5E7,pretest,6,LL,0,saving_for_future,3
S2_6B2ED5E7,pretest,7,LL,0,saving_for_future,3
S2_6B2ED5E7,posttest,1,LL,0,saving_for_future,3
S2_6B2ED5E7,posttest,2,LL,0,saving_for_future,3
S2_6B2ED5E7,posttest,3,LL,0,saving_for_future,3
S2_6B2ED5E7,posttest,4,LL,0,learning_or_education,3
S2_6B2ED5E7,posttest,5,LL,0,learning_or_education,2
S2_6B2ED5E7,posttest,6,LL,0,saving_for_future,3
S2_6B2ED5E7,posttest,7,LL,0,saving_for_future,3
S2_53319A54,pretest,1,LL,0,saving_for_future,3
S2_53319A54,pretest,2,LL,0,family_support,2
S2_53319A54,pretest,3,LL,0,family_support,2
S2_53319A54,pretest,4,LL,0,friends_or_gifts,2
S2_53319A54,pretest,5,LL,0,family_support,1
S2_53319A54,pretest,6,SS,1,friends_or_gifts,1
S2_53319A54,pretest,7,LL,0,friends_or_gifts,2
S2_53319A54,posttest,1,LL,0,saving_for_future,3
S2_53319A54,posttest,2,LL,0,saving_for_future,3
S2_53319A54,posttest,3,LL,0,saving_for_future,3
S2_53319A54,posttest,4,LL,0,saving_for_future,3
S2_53319A54,posttest,5,LL,0,saving_for_future,3
S2_53319A54,posttest,6,LL,0,saving_for_future,3
S2_53319A54,posttest,7,LL,0,saving_for_future,3
S2_3829BFFB,pretest,1,SS,1,saving_for_future,2
S2_3829BFFB,pretest,2,SS,1,learning_or_education,2
S2_3829BFFB,pretest,3,SS,1,family_support,2
S2_3829BFFB,pretest,4,SS,1,friends_or_gifts,2
S2_3829BFFB,pretest,5,LL,0,saving_for_future,2
S2_3829BFFB,pretest,6,LL,0,saving_for_future,3
S2_3829BFFB,pretest,7,SS,1,saving_for_future,2
S2_3829BFFB,posttest,1,SS,1,saving_for_future,2
S2_3829BFFB,posttest,2,SS,1,family_support,2
S2_3829BFFB,posttest,3,SS,1,saving_for_future,2
S2_3829BFFB,posttest,4,SS,1,family_support,1
S2_3829BFFB,posttest,5,SS,1,friends_or_gifts,2
S2_3829BFFB,posttest,6,LL,0,learning_or_education,2
S2_3829BFFB,posttest,7,LL,0,saving_for_future,2
S2_1D7E81F7,pretest,1,SS,1,learning_or_education,3
S2_1D7E81F7,pretest,2,SS,1,learning_or_education,3
S2_1D7E81F7,pretest,3,SS,1,learning_or_education,2
S2_1D7E81F7,pretest,4,LL,0,immediate_consumption,2
S2_1D7E81F7,pretest,5,LL,0,learning_or_education,2
S2_1D7E81F7,pretest,6,LL,0,immediate_consumption,3
S2_1D7E81F7,pretest,7,LL,0,learning_or_education,3
S2_1D7E81F7,posttest,1,SS,1,learning_or_education,3
S2_1D7E81F7,posttest,2,SS,1,learning_or_education,3
S2_1D7E81F7,posttest,3,SS,1,learning_or_education,3
S2_1D7E81F7,posttest,4,SS,1,learning_or_education,3
S2_1D7E81F7,posttest,5,SS,1,learning_or_education,3
S2_1D7E81F7,posttest,6,LL,0,learning_or_education,2
S2_1D7E81F7,posttest,7,LL,0,learning_or_education,2
S2_5D4B32A0,pretest,1,SS,1,friends_or_gifts,2
S2_5D4B32A0,pretest,2,SS,1,friends_or_gifts,2
S2_5D4B32A0,pretest,3,LL,0,family_support,2
S2_5D4B32A0,pretest,4,SS,1,family_support,3
S2_5D4B32A0,pretest,5,LL,0,saving_for_future,2
S2_5D4B32A0,pretest,6,LL,0,saving_for_future,2
S2_5D4B32A0,pretest,7,LL,0,family_support,2
S2_5D4B32A0,posttest,1,SS,1,friends_or_gifts,2
S2_5D4B32A0,posttest,2,SS,1,family_support,2
S2_5D4B32A0,posttest,3,SS,1,immediate_consumption,3
S2_5D4B32A0,posttest,4,SS,1,immediate_consumption,2
S2_5D4B32A0,posttest,5,SS,1,saving_for_future,2
S2_5D4B32A0,posttest,6,LL,0,saving_for_future,2
S2_5D4B32A0,posttest,7,LL,0,saving_for_future,2
S2_F6265EF8,pretest,1,SS,1,learning_or_education,3
S2_F6265EF8,pretest,2,SS,1,learning_or_education,3
S2_F6265EF8,pretest,3,LL,0,saving_for_future,3
S2_F6265EF8,pretest,4,SS,1,saving_for_future,3
S2_F6265EF8,pretest,5,LL,0,saving_for_future,3
S2_F6265EF8,pretest,6,SS,1,friends_or_gifts,2
S2_F6265EF8,pretest,7,SS,1,immediate_consumption,3
S2_F6265EF8,posttest,1,SS,1,friends_or_gifts,2
S2_F6265EF8,posttest,2,SS,1,family_support,2
S2_F6265EF8,posttest,3,SS,1,learning_or_education,3
S2_F6265EF8,posttest,4,SS,1,saving_for_future,2
S2_F6265EF8,posttest,5,SS,1,learning_or_education,2
S2_F6265EF8,posttest,6,SS,1,immediate_consumption,2
S2_F6265EF8,posttest,7,LL,0,saving_for_future,3
S2_AB8F31D5,pretest,1,LL,0,saving_for_future,3
S2_AB8F31D5,pretest,2,SS,1,saving_for_future,2
S2_AB8F31D5,pretest,3,LL,0,family_support,2
S2_AB8F31D5,pretest,4,LL,0,family_support,3
S2_AB8F31D5,pretest,5,LL,0,saving_for_future,2
S2_AB8F31D5,pretest,6,LL,0,saving_for_future,3
S2_AB8F31D5,pretest,7,LL,0,saving_for_future,2
S2_AB8F31D5,posttest,1,SS,1,saving_for_future,3
S2_AB8F31D5,posttest,2,SS,1,saving_for_future,3
S2_AB8F31D5,posttest,3,SS,1,saving_for_future,3
S2_AB8F31D5,posttest,4,LL,0,saving_for_future,3
S2_AB8F31D5,posttest,5,LL,0,friends_or_gifts,3
S2_AB8F31D5,posttest,6,LL,0,saving_for_future,3
S2_AB8F31D5,posttest,7,LL,0,saving_for_future,3
S2_70504B61,pretest,1,SS,1,family_support,2
S2_70504B61,pretest,2,SS,1,family_support,2
S2_70504B61,pretest,3,SS,1,family_support,2
S2_70504B61,pretest,4,SS,1,saving_for_future,2
S2_70504B61,pretest,5,SS,1,saving_for_future,2
S2_70504B61,pretest,6,LL,0,saving_for_future,2
S2_70504B61,pretest,7,SS,1,immediate_consumption,1
S2_70504B61,posttest,1,SS,1,family_support,2
S2_70504B61,posttest,2,SS,1,family_support,2
S2_70504B61,posttest,3,SS,1,saving_for_future,2
S2_70504B61,posttest,4,SS,1,saving_for_future,2
S2_70504B61,posttest,5,LL,0,saving_for_future,2
S2_70504B61,posttest,6,LL,0,saving_for_future,2
S2_70504B61,posttest,7,LL,0,saving_for_future,3
S2_16F88C16,pretest,1,SS,1,saving_for_future,3
S2_16F88C16,pretest,2,SS,1,saving_for_future,3
S2_16F88C16,pretest,3,LL,0,saving_for_future,3
S2_16F88C16,pretest,4,LL,0,saving_for_future,3
S2_16F88C16,pretest,5,LL,0,saving_for_future,3
S2_16F88C16,pretest,6,LL,0,saving_for_future,3
S2_16F88C16,pretest,7,LL,0,saving_for_future,3
S2_16F88C16,posttest,1,SS,1,saving_for_future,3
S2_16F88C16,posttest,2,SS,1,saving_for_future,3
S2_16F88C16,posttest,3,LL,0,saving_for_future,3
S2_16F88C16,posttest,4,LL,0,saving_for_future,3
S2_16F88C16,posttest,5,LL,0,saving_for_future,3
S2_16F88C16,posttest,6,LL,0,saving_for_future,3
S2_16F88C16,posttest,7,LL,0,saving_for_future,3
S2_14386AB6,pretest,1,SS,1,saving_for_future,2
S2_14386AB6,pretest,2,SS,1,saving_for_future,2
S2_14386AB6,pretest,3,SS,1,saving_for_future,2
S2_14386AB6,pretest,4,SS,1,saving_for_future,2
S2_14386AB6,pretest,5,SS,1,saving_for_future,2
S2_14386AB6,pretest,6,LL,0,saving_for_future,2
S2_14386AB6,pretest,7,LL,0,saving_for_future,2
S2_14386AB6,posttest,1,SS,1,saving_for_future,2
S2_14386AB6,posttest,2,SS,1,saving_for_future,2
S2_14386AB6,posttest,3,SS,1,saving_for_future,2
S2_14386AB6,posttest,4,SS,1,saving_for_future,2
S2_14386AB6,posttest,5,SS,1,saving_for_future,2
S2_14386AB6,posttest,6,LL,0,saving_for_future,2
S2_14386AB6,posttest,7,LL,0,saving_for_future,2
S2_EB36FC47,pretest,1,SS,1,saving_for_future,3
S2_EB36FC47,pretest,2,SS,1,saving_for_future,3
S2_EB36FC47,pretest,3,LL,0,saving_for_future,3
S2_EB36FC47,pretest,4,LL,0,saving_for_future,3
S2_EB36FC47,pretest,5,LL,0,saving_for_future,3
S2_EB36FC47,pretest,6,LL,0,saving_for_future,3
S2_EB36FC47,pretest,7,LL,0,saving_for_future,3
S2_EB36FC47,posttest,1,SS,1,saving_for_future,3
S2_EB36FC47,posttest,2,SS,1,saving_for_future,3
S2_EB36FC47,posttest,3,SS,1,saving_for_future,3
S2_EB36FC47,posttest,4,LL,0,saving_for_future,3
S2_EB36FC47,posttest,5,LL,0,saving_for_future,3
S2_EB36FC47,posttest,6,LL,0,saving_for_future,3
S2_EB36FC47,posttest,7,LL,0,saving_for_future,3
S2_60946B4D,pretest,1,SS,1,saving_for_future,2
S2_60946B4D,pretest,2,LL,0,saving_for_future,2
S2_60946B4D,pretest,3,LL,0,saving_for_future,2
S2_60946B4D,pretest,4,LL,0,saving_for_future,2
S2_60946B4D,pretest,5,LL,0,saving_for_future,2
S2_60946B4D,pretest,6,LL,0,saving_for_future,3
S2_60946B4D,pretest,7,LL,0,saving_for_future,3
S2_60946B4D,posttest,1,SS,1,saving_for_future,3
S2_60946B4D,posttest,2,SS,1,saving_for_future,2
S2_60946B4D,posttest,3,SS,1,saving_for_future,2
S2_60946B4D,posttest,4,SS,1,saving_for_future,1
S2_60946B4D,posttest,5,LL,0,saving_for_future,3
S2_60946B4D,posttest,6,LL,0,saving_for_future,3
S2_60946B4D,posttest,7,LL,0,saving_for_future,3
S2_D66A6CB4,pretest,1,LL,0,immediate_consumption,3
S2_D66A6CB4,pretest,2,LL,0,immediate_consumption,2
S2_D66A6CB4,pretest,3,LL,0,immediate_consumption,2
S2_D66A6CB4,pretest,4,LL,0,saving_for_future,3
S2_D66A6CB4,pretest,5,LL,0,immediate_consumption,3
S2_D66A6CB4,pretest,6,LL,0,saving_for_future,2
S2_D66A6CB4,pretest,7,LL,0,saving_for_future,1
S2_D66A6CB4,posttest,1,LL,0,immediate_consumption,3
S2_D66A6CB4,posttest,2,LL,0,saving_for_future,3
S2_D66A6CB4,posttest,3,LL,0,immediate_consumption,3
S2_D66A6CB4,posttest,4,LL,0,immediate_consumption,3
S2_D66A6CB4,posttest,5,LL,0,immediate_consumption,3
S2_D66A6CB4,posttest,6,LL,0,immediate_consumption,3
S2_D66A6CB4,posttest,7,LL,0,immediate_consumption,3
S2_7EAD7F1E,pretest,1,SS,1,saving_for_future,2
S2_7EAD7F1E,pretest,2,SS,1,saving_for_future,2
S2_7EAD7F1E,pretest,3,SS,1,saving_for_future,2
S2_7EAD7F1E,pretest,4,SS,1,saving_for_future,2
S2_7EAD7F1E,pretest,5,SS,1,saving_for_future,2
S2_7EAD7F1E,pretest,6,SS,1,immediate_consumption,3
S2_7EAD7F1E,pretest,7,LL,0,immediate_consumption,3
S2_7EAD7F1E,posttest,1,SS,1,saving_for_future,2
S2_7EAD7F1E,posttest,2,SS,1,saving_for_future,2
S2_7EAD7F1E,posttest,3,SS,1,saving_for_future,2
S2_7EAD7F1E,posttest,4,SS,1,saving_for_future,2
S2_7EAD7F1E,posttest,5,SS,1,saving_for_future,2
S2_7EAD7F1E,posttest,6,LL,0,saving_for_future,2
S2_7EAD7F1E,posttest,7,LL,0,saving_for_future,2
S2_9FB3C781,pretest,1,SS,1,family_support,2
S2_9FB3C781,pretest,2,SS,1,family_support,3
S2_9FB3C781,pretest,3,SS,1,family_support,3
S2_9FB3C781,pretest,4,SS,1,immediate_consumption,3
S2_9FB3C781,pretest,5,SS,1,saving_for_future,3
S2_9FB3C781,pretest,6,LL,0,friends_or_gifts,2
S2_9FB3C781,pretest,7,SS,1,saving_for_future,2
S2_9FB3C781,posttest,1,SS,1,family_support,3
S2_9FB3C781,posttest,2,SS,1,saving_for_future,3
S2_9FB3C781,posttest,3,SS,1,saving_for_future,2
S2_9FB3C781,posttest,4,SS,1,immediate_consumption,2
S2_9FB3C781,posttest,5,SS,1,friends_or_gifts,3
S2_9FB3C781,posttest,6,LL,0,learning_or_education,2
S2_9FB3C781,posttest,7,LL,0,family_support,3
S2_76B0DDB1,pretest,1,LL,0,saving_for_future,3
S2_76B0DDB1,pretest,2,SS,1,saving_for_future,3
S2_76B0DDB1,pretest,3,LL,0,saving_for_future,3
S2_76B0DDB1,pretest,4,LL,0,family_support,3
S2_76B0DDB1,pretest,5,LL,0,saving_for_future,3
S2_76B0DDB1,pretest,6,LL,0,saving_for_future,3
S2_76B0DDB1,pretest,7,LL,0,friends_or_gifts,2
S2_76B0DDB1,posttest,1,LL,0,saving_for_future,3
S2_76B0DDB1,posttest,2,LL,0,saving_for_future,3
S2_76B0DDB1,posttest,3,LL,0,family_support,3
S2_76B0DDB1,posttest,4,LL,0,saving_for_future,3
S2_76B0DDB1,posttest,5,LL,0,learning_or_education,2
S2_76B0DDB1,posttest,6,LL,0,family_support,3
S2_76B0DDB1,posttest,7,LL,0,saving_for_future,3
S2_5D6C11E3,pretest,1,LL,0,saving_for_future,2
S2_5D6C11E3,pretest,2,SS,1,immediate_consumption,2
S2_5D6C11E3,pretest,3,LL,0,saving_for_future,2
S2_5D6C11E3,pretest,4,LL,0,immediate_consumption,3
S2_5D6C11E3,pretest,5,LL,0,immediate_consumption,3
S2_5D6C11E3,pretest,6,LL,0,saving_for_future,2
S2_5D6C11E3,pretest,7,LL,0,immediate_consumption,2
S2_5D6C11E3,posttest,1,SS,1,immediate_consumption,3
S2_5D6C11E3,posttest,2,SS,1,saving_for_future,2
S2_5D6C11E3,posttest,3,SS,1,friends_or_gifts,2
S2_5D6C11E3,posttest,4,LL,0,immediate_consumption,3
S2_5D6C11E3,posttest,5,SS,1,immediate_consumption,3
S2_5D6C11E3,posttest,6,LL,0,friends_or_gifts,2
S2_5D6C11E3,posttest,7,LL,0,immediate_consumption,2
S2_71DD984A,pretest,1,SS,1,saving_for_future,3
S2_71DD984A,pretest,2,SS,1,family_support,3
S2_71DD984A,pretest,3,LL,0,learning_or_education,2
S2_71DD984A,pretest,4,SS,1,family_support,3
S2_71DD984A,pretest,5,LL,0,friends_or_gifts,2
S2_71DD984A,pretest,6,LL,0,friends_or_gifts,3
S2_71DD984A,pretest,7,LL,0,learning_or_education,3
S2_71DD984A,posttest,1,LL,0,family_support,3
S2_71DD984A,posttest,2,LL,0,family_support,3
S2_71DD984A,posttest,3,LL,0,friends_or_gifts,3
S2_71DD984A,posttest,4,LL,0,family_support,3
S2_71DD984A,posttest,5,LL,0,family_support,3
S2_71DD984A,posttest,6,LL,0,family_support,3
S2_71DD984A,posttest,7,LL,0,learning_or_education,3
S2_AB7F2C76,pretest,1,SS,1,saving_for_future,2
S2_AB7F2C76,pretest,2,SS,1,saving_for_future,2
S2_AB7F2C76,pretest,3,SS,1,saving_for_future,2
S2_AB7F2C76,pretest,4,SS,1,saving_for_future,2
S2_AB7F2C76,pretest,5,SS,1,saving_for_future,2
S2_AB7F2C76,pretest,6,SS,1,saving_for_future,2
S2_AB7F2C76,pretest,7,SS,1,saving_for_future,2
S2_AB7F2C76,posttest,1,SS,1,saving_for_future,2
S2_AB7F2C76,posttest,2,SS,1,saving_for_future,2
S2_AB7F2C76,posttest,3,SS,1,saving_for_future,2
S2_AB7F2C76,posttest,4,SS,1,saving_for_future,2
S2_AB7F2C76,posttest,5,SS,1,saving_for_future,2
S2_AB7F2C76,posttest,6,SS,1,saving_for_future,2
S2_AB7F2C76,posttest,7,SS,1,saving_for_future,2
S2_AF74DC21,pretest,1,LL,0,saving_for_future,2
S2_AF74DC21,pretest,2,LL,0,saving_for_future,3
S2_AF74DC21,pretest,3,LL,0,saving_for_future,3
S2_AF74DC21,pretest,4,LL,0,saving_for_future,3
S2_AF74DC21,pretest,5,LL,0,saving_for_future,3
S2_AF74DC21,pretest,6,LL,0,immediate_consumption,2
S2_AF74DC21,pretest,7,LL,0,saving_for_future,3
S2_AF74DC21,posttest,1,LL,0,saving_for_future,3
S2_AF74DC21,posttest,2,LL,0,saving_for_future,3
S2_AF74DC21,posttest,3,LL,0,saving_for_future,3
S2_AF74DC21,posttest,4,LL,0,saving_for_future,3
S2_AF74DC21,posttest,5,LL,0,saving_for_future,3
S2_AF74DC21,posttest,6,LL,0,saving_for_future,3
S2_AF74DC21,posttest,7,LL,0,saving_for_future,3
S2_72B160A1,pretest,1,SS,1,saving_for_future,2
S2_72B160A1,pretest,2,SS,1,saving_for_future,2
S2_72B160A1,pretest,3,SS,1,saving_for_future,2
S2_72B160A1,pretest,4,SS,1,saving_for_future,2
S2_72B160A1,pretest,5,LL,0,saving_for_future,2
S2_72B160A1,pretest,6,LL,0,saving_for_future,2
S2_72B160A1,pretest,7,LL,0,immediate_consumption,2
S2_72B160A1,posttest,1,SS,1,saving_for_future,2
S2_72B160A1,posttest,2,SS,1,saving_for_future,2
S2_72B160A1,posttest,3,SS,1,saving_for_future,2
S2_72B160A1,posttest,4,SS,1,saving_for_future,2
S2_72B160A1,posttest,5,LL,0,saving_for_future,2
S2_72B160A1,posttest,6,SS,1,saving_for_future,2
S2_72B160A1,posttest,7,LL,0,saving_for_future,2
S2_F68D1044,pretest,1,SS,1,saving_for_future,2
S2_F68D1044,pretest,2,SS,1,learning_or_education,2
S2_F68D1044,pretest,3,SS,1,learning_or_education,2
S2_F68D1044,pretest,4,LL,0,immediate_consumption,2
S2_F68D1044,pretest,5,LL,0,family_support,3
S2_F68D1044,pretest,6,LL,0,saving_for_future,3
S2_F68D1044,pretest,7,LL,0,learning_or_education,3
S2_F68D1044,posttest,1,SS,1,saving_for_future,2
S2_F68D1044,posttest,2,SS,1,learning_or_education,2
S2_F68D1044,posttest,3,SS,1,family_support,2
S2_F68D1044,posttest,4,LL,0,immediate_consumption,3
S2_F68D1044,posttest,5,LL,0,learning_or_education,3
S2_F68D1044,posttest,6,LL,0,friends_or_gifts,3
S2_F68D1044,posttest,7,LL,0,saving_for_future,3
S2_12CF5231,pretest,1,LL,0,saving_for_future,3
S2_12CF5231,pretest,2,LL,0,saving_for_future,3
S2_12CF5231,pretest,3,LL,0,saving_for_future,3
S2_12CF5231,pretest,4,LL,0,friends_or_gifts,3
S2_12CF5231,pretest,5,LL,0,friends_or_gifts,3
S2_12CF5231,pretest,6,LL,0,friends_or_gifts,3
S2_12CF5231,pretest,7,LL,0,family_support,2
S2_12CF5231,posttest,1,LL,0,saving_for_future,3
S2_12CF5231,posttest,2,LL,0,friends_or_gifts,3
S2_12CF5231,posttest,3,LL,0,family_support,3
S2_12CF5231,posttest,4,LL,0,learning_or_education,3
S2_12CF5231,posttest,5,LL,0,saving_for_future,3
S2_12CF5231,posttest,6,LL,0,saving_for_future,3
S2_12CF5231,posttest,7,LL,0,family_support,3
S2_B1A7CB28,pretest,1,LL,0,saving_for_future,2
S2_B1A7CB28,pretest,2,LL,0,saving_for_future,2
S2_B1A7CB28,pretest,3,LL,0,saving_for_future,2
S2_B1A7CB28,pretest,4,LL,0,saving_for_future,2
S2_B1A7CB28,pretest,5,LL,0,saving_for_future,2
S2_B1A7CB28,pretest,6,LL,0,immediate_consumption,1
S2_B1A7CB28,pretest,7,LL,0,immediate_consumption,2
S2_B1A7CB28,posttest,1,LL,0,saving_for_future,2
S2_B1A7CB28,posttest,2,LL,0,learning_or_education,2
S2_B1A7CB28,posttest,3,LL,0,friends_or_gifts,2
S2_B1A7CB28,posttest,4,LL,0,family_support,3
S2_B1A7CB28,posttest,5,LL,0,immediate_consumption,3
S2_B1A7CB28,posttest,6,LL,0,family_support,3
S2_B1A7CB28,posttest,7,LL,0,family_support,3
S2_67E3DE52,pretest,1,SS,1,saving_for_future,2
S2_67E3DE52,pretest,2,SS,1,saving_for_future,3
S2_67E3DE52,pretest,3,LL,0,friends_or_gifts,2
S2_67E3DE52,pretest,4,SS,1,learning_or_education,2
S2_67E3DE52,pretest,5,LL,0,friends_or_gifts,1
S2_67E3DE52,pretest,6,LL,0,saving_for_future,3
S2_67E3DE52,pretest,7,LL,0,saving_for_future,3
S2_67E3DE52,posttest,1,SS,1,saving_for_future,3
S2_67E3DE52,posttest,2,SS,1,saving_for_future,3
S2_67E3DE52,posttest,3,SS,1,saving_for_future,3
S2_67E3DE52,posttest,4,LL,0,learning_or_education,3
S2_67E3DE52,posttest,5,LL,0,friends_or_gifts,3
S2_67E3DE52,posttest,6,LL,0,saving_for_future,2
S2_67E3DE52,posttest,7,LL,0,saving_for_future,2
S2_D917747A,pretest,1,SS,1,friends_or_gifts,3
S2_D917747A,pretest,2,SS,1,friends_or_gifts,3
S2_D917747A,pretest,3,SS,1,friends_or_gifts,3
S2_D917747A,pretest,4,LL,0,friends_or_gifts,2
S2_D917747A,pretest,5,LL,0,saving_for_future,3
S2_D917747A,pretest,6,LL,0,saving_for_future,3
S2_D917747A,pretest,7,LL,0,saving_for_future,3
S2_D917747A,posttest,1,SS,1,saving_for_future,2
S2_D917747A,posttest,2,SS,1,saving_for_future,2
S2_D917747A,posttest,3,SS,1,saving_for_future,2
S2_D917747A,posttest,4,LL,0,friends_or_gifts,3
S2_D917747A,posttest,5,SS,1,immediate_consumption,1
S2_D917747A,posttest,6,LL,0,friends_or_gifts,3
S2_D917747A,posttest,7,LL,0,immediate_consumption,2
S2_C0C1048A,pretest,1,LL,0,saving_for_future,3
S2_C0C1048A,pretest,2,LL,0,saving_for_future,2
S2_C0C1048A,pretest,3,LL,0,saving_for_future,3
S2_C0C1048A,pretest,4,LL,0,saving_for_future,3
S2_C0C1048A,pretest,5,LL,0,saving_for_future,3
S2_C0C1048A,pretest,6,LL,0,saving_for_future,3
S2_C0C1048A,pretest,7,LL,0,saving_for_future,3
S2_C0C1048A,posttest,1,LL,0,saving_for_future,3
S2_C0C1048A,posttest,2,LL,0,saving_for_future,3
S2_C0C1048A,posttest,3,LL,0,saving_for_future,3
S2_C0C1048A,posttest,4,LL,0,saving_for_future,3
S2_C0C1048A,posttest,5,LL,0,saving_for_future,3
S2_C0C1048A,posttest,6,LL,0,saving_for_future,3
S2_C0C1048A,posttest,7,LL,0,saving_for_future,3
S2_48323CA1,pretest,1,LL,0,saving_for_future,2
S2_48323CA1,pretest,2,SS,1,saving_for_future,2
S2_48323CA1,pretest,3,SS,1,saving_for_future,2
S2_48323CA1,pretest,4,SS,1,saving_for_future,2
S2_48323CA1,pretest,5,SS,1,saving_for_future,2
S2_48323CA1,pretest,6,LL,0,saving_for_future,2
S2_48323CA1,pretest,7,LL,0,saving_for_future,2
S2_48323CA1,posttest,1,SS,1,saving_for_future,2
S2_48323CA1,posttest,2,SS,1,saving_for_future,2
S2_48323CA1,posttest,3,SS,1,saving_for_future,2
S2_48323CA1,posttest,4,SS,1,saving_for_future,2
S2_48323CA1,posttest,5,SS,1,saving_for_future,2
S2_48323CA1,posttest,6,SS,1,saving_for_future,2
S2_48323CA1,posttest,7,SS,1,saving_for_future,2
S2_FDE78924,pretest,1,SS,1,saving_for_future,2
S2_FDE78924,pretest,2,SS,1,saving_for_future,2
S2_FDE78924,pretest,3,SS,1,saving_for_future,2
S2_FDE78924,pretest,4,LL,0,learning_or_education,2
S2_FDE78924,pretest,5,LL,0,family_support,2
S2_FDE78924,pretest,6,LL,0,friends_or_gifts,2
S2_FDE78924,pretest,7,LL,0,saving_for_future,2
S2_FDE78924,posttest,1,SS,1,saving_for_future,2
S2_FDE78924,posttest,2,LL,0,saving_for_future,2
S2_FDE78924,posttest,3,SS,1,saving_for_future,2
S2_FDE78924,posttest,4,SS,1,learning_or_education,2
S2_FDE78924,posttest,5,LL,0,learning_or_education,2
S2_FDE78924,posttest,6,LL,0,saving_for_future,2
S2_FDE78924,posttest,7,LL,0,friends_or_gifts,2
S2_7ADE280C,pretest,1,SS,1,saving_for_future,2
S2_7ADE280C,pretest,2,SS,1,saving_for_future,2
S2_7ADE280C,pretest,3,SS,1,learning_or_education,2
S2_7ADE280C,pretest,4,SS,1,learning_or_education,2
S2_7ADE280C,pretest,5,SS,1,saving_for_future,3
S2_7ADE280C,pretest,6,LL,0,immediate_consumption,2
S2_7ADE280C,pretest,7,LL,0,family_support,2
S2_7ADE280C,posttest,1,SS,1,immediate_consumption,2
S2_7ADE280C,posttest,2,SS,1,learning_or_education,2
S2_7ADE280C,posttest,3,SS,1,friends_or_gifts,2
S2_7ADE280C,posttest,4,SS,1,saving_for_future,2
S2_7ADE280C,posttest,5,LL,0,saving_for_future,2
S2_7ADE280C,posttest,6,LL,0,immediate_consumption,2
S2_7ADE280C,posttest,7,LL,0,learning_or_education,3
S2_9BB0AC45,pretest,1,SS,1,friends_or_gifts,2
S2_9BB0AC45,pretest,2,SS,1,friends_or_gifts,3
S2_9BB0AC45,pretest,3,SS,1,immediate_consumption,2
S2_9BB0AC45,pretest,4,LL,0,immediate_consumption,2
S2_9BB0AC45,pretest,5,LL,0,friends_or_gifts,3
S2_9BB0AC45,pretest,6,LL,0,friends_or_gifts,3
S2_9BB0AC45,pretest,7,LL,0,friends_or_gifts,3
S2_9BB0AC45,posttest,1,SS,1,immediate_consumption,3
S2_9BB0AC45,posttest,2,SS,1,friends_or_gifts,3
S2_9BB0AC45,posttest,3,SS,1,immediate_consumption,2
S2_9BB0AC45,posttest,4,SS,1,immediate_consumption,2
S2_9BB0AC45,posttest,5,LL,0,immediate_consumption,2
S2_9BB0AC45,posttest,6,LL,0,friends_or_gifts,2
S2_9BB0AC45,posttest,7,LL,0,immediate_consumption,2
S2_B632D579,pretest,1,SS,1,saving_for_future,2
S2_B632D579,pretest,2,SS,1,saving_for_future,2
S2_B632D579,pretest,3,LL,0,immediate_consumption,2
S2_B632D579,pretest,4,LL,0,immediate_consumption,3
S2_B632D579,pretest,5,LL,0,friends_or_gifts,2
S2_B632D579,pretest,6,LL,0,saving_for_future,2
S2_B632D579,pretest,7,LL,0,saving_for_future,2
S2_B632D579,posttest,1,SS,1,saving_for_future,2
S2_B632D579,posttest,2,SS,1,saving_for_future,2
S2_B632D579,posttest,3,LL,0,saving_for_future,2
S2_B632D579,posttest,4,LL,0,saving_for_future,2
S2_B632D579,posttest,5,LL,0,saving_for_future,2
S2_B632D579,posttest,6,LL,0,saving_for_future,2
S2_B632D579,posttest,7,LL,0,saving_for_future,2
S2_4D3A89F8,pretest,1,SS,1,saving_for_future,3
S2_4D3A89F8,pretest,2,SS,1,saving_for_future,3
S2_4D3A89F8,pretest,3,SS,1,saving_for_future,3
S2_4D3A89F8,pretest,4,SS,1,saving_for_future,3
S2_4D3A89F8,pretest,5,LL,0,saving_for_future,3
S2_4D3A89F8,pretest,6,LL,0,saving_for_future,3
S2_4D3A89F8,pretest,7,LL,0,saving_for_future,3
S2_4D3A89F8,posttest,1,SS,1,saving_for_future,3
S2_4D3A89F8,posttest,2,SS,1,saving_for_future,3
S2_4D3A89F8,posttest,3,LL,0,saving_for_future,3
S2_4D3A89F8,posttest,4,SS,1,saving_for_future,3
S2_4D3A89F8,posttest,5,LL,0,saving_for_future,3
S2_4D3A89F8,posttest,6,LL,0,saving_for_future,3
S2_4D3A89F8,posttest,7,LL,0,saving_for_future,3
S2_DAA8566F,pretest,1,SS,1,saving_for_future,2
S2_DAA8566F,pretest,2,SS,1,immediate_consumption,2
S2_DAA8566F,pretest,3,SS,1,saving_for_future,2
S2_DAA8566F,pretest,4,SS,1,friends_or_gifts,2
S2_DAA8566F,pretest,5,LL,0,immediate_consumption,2
S2_DAA8566F,pretest,6,SS,1,friends_or_gifts,2
S2_DAA8566F,pretest,7,LL,0,saving_for_future,2
S2_DAA8566F,posttest,1,SS,1,saving_for_future,2
S2_DAA8566F,posttest,2,SS,1,immediate_consumption,2
S2_DAA8566F,posttest,3,SS,1,saving_for_future,2
S2_DAA8566F,posttest,4,SS,1,saving_for_future,2
S2_DAA8566F,posttest,5,LL,0,immediate_consumption,2
S2_DAA8566F,posttest,6,SS,1,saving_for_future,2
S2_DAA8566F,posttest,7,LL,0,immediate_consumption,3
